type_sol,region,budget,surface,recolte_prevue,culture,pays_export,gain_brut,gain_net
limoneux,nord,22426.30503728556,15.703974505319001,153.63718078034793,mais,Espagne,29969.378049162045,18978.3567293162
limoneux,centre,10359.100007574525,14.578976059203082,23.33544458156643,olivier,Espagne,80296.74702790084,46384.97110022188
argileux,nord,32666.76831881398,12.4311314470864,79.78306398069547,ble,Espagne,18482.2777458895,9303.125158159046
argileux,sud,86694.33863995045,13.765997002461704,110.85839768195162,mais,France,25666.54665994095,13816.829010917929
argileux,centre,14278.850830606467,13.842544016987059,117.4976306862735,mais,Pays-Bas,26083.30298925409,17353.92753546381
argileux,centre,67939.61701362829,6.578365983743514,67.01276908832709,mais,Pays-Bas,15534.236247891402,8465.746093206655
sableux,centre,90008.59829062664,12.15904958681616,81.26106846125774,vigne,France,186512.62185830626,118423.1927086771
argileux,centre,56270.75257696258,11.941647730445041,622.6456921416038,tomate,Pays-Bas,297739.7337835078,160648.63055012716
argileux,nord,98754.25897704915,15.55877300128482,87.36969743427039,ble,Espagne,18828.00655203162,10500.974397004824
limoneux,nord,62566.19760419608,18.562867131010304,216.44003659748844,mais,France,44776.56612427572,28380.30082895163
limoneux,sud,68539.91900304268,13.485485954041184,122.70291515487556,mais,Espagne,24049.706903674745,16259.55352013589
sableux,sud,77274.57961860526,11.444905352605177,91.33201462122891,vigne,Italie,244545.2154376632,169938.42564118985
argileux,sud,7985.772640239754,12.910003019643717,90.67983455419292,ble,Pays-Bas,19943.9157140784,12323.812514350935
limoneux,nord,26735.825721704136,2.0011082416614636,86.49675459956372,tomate,Italie,49724.45934673825,31867.076504124016
argileux,centre,48370.78419587647,4.759588525728255,54.89291054723615,mais,Italie,9375.17845734435,5894.553756953521
sableux,nord,30852.563691540356,13.129957350556566,370.6695449749833,pomme_de_terre,Espagne,66926.67354034525,40012.14788199754
argileux,centre,26100.241994719374,2.837374663006815,23.380384802315152,ble,France,5460.19855758429,3751.27407949643
sableux,centre,71148.90591977989,14.38927650352662,517.6238007022229,pomme_de_terre,Espagne,118414.2847125756,70985.12390367055
sableux,sud,31471.414102478087,18.211184776349747,468.73292209797984,pomme_de_terre,Allemagne,101163.18287336644,59627.74307552787
limoneux,sud,77353.86345622817,5.133932107851794,9.724830279597825,olivier,Italie,33650.20445199301,19949.357584531594
argileux,nord,35474.1061723149,4.1371109527971575,30.012672403809024,ble,Espagne,6524.19110807436,3638.9986844433815
limoneux,sud,38123.26879271429,2.3754427462827046,4.556236052946175,olivier,Italie,16882.003326697464,9536.00176795348
argileux,nord,24861.8039700828,11.058235489637534,98.5753237658856,mais,Italie,22940.066945487255,13687.71447540137
argileux,centre,99644.10147700281,19.325677350131475,222.83559954496016,mais,France,40573.624609940634,22718.326089768874
limoneux,centre,79088.17685647427,13.019617100008611,562.8715633979172,tomate,Allemagne,318662.60081950104,199337.30164708188
argileux,sud,97498.06449175514,6.036459007380581,42.01205548877298,ble,Espagne,10728.727456523364,7028.884359953346
argileux,nord,51919.90294242629,3.9870428298159117,30.63515114168557,ble,Espagne,7838.61411670784,4596.079513545099
limoneux,sud,65451.59872766006,5.384005462808891,64.15350168830015,mais,Espagne,14513.27680672363,8327.315848203842
sableux,nord,52750.52384499325,11.749625750214003,309.5194024489036,pomme_de_terre,Pays-Bas,68074.2953726728,39864.25019859594
argileux,nord,99482.29852574739,9.663918022823388,78.02437958135071,ble,Allemagne,15554.954533635515,8000.477566788471
argileux,centre,96832.2078091486,19.29058955324043,885.2254365560326,tomate,Pays-Bas,432151.3066289002,279301.5625998125
limoneux,centre,57896.11993354326,18.755018096135228,192.80617501280207,mais,Italie,39772.158103001006,19965.19502073438
sableux,sud,54241.31697455499,17.60877490259513,151.97165789421274,vigne,Italie,396568.696511144,254312.2205605462
limoneux,centre,81960.77249452217,17.40791021231202,34.973778393394795,olivier,Italie,127932.48008020528,72922.43653072802
sableux,centre,89550.5074726688,7.090905558604948,178.1787381220319,pomme_de_terre,Espagne,38708.946249402594,22895.22197509736
argileux,centre,61129.159754056025,1.0947548738114639,8.652156017694367,ble,Espagne,1809.8694608688902,1077.870197104663
argileux,nord,48440.19035330421,16.919449962733637,114.23658886933671,ble,Espagne,29026.81254409024,16103.545374091935
argileux,centre,54048.533088613556,6.797651222354296,61.74530251421278,mais,Allemagne,13310.500948735216,8649.534806665062
sableux,nord,12682.93182863378,8.852132261332102,58.30208616597571,vigne,Espagne,156969.75168693968,102350.95373593686
sableux,nord,67718.75078818446,5.958710990445885,52.205876634313526,vigne,Italie,149398.64023976625,92041.51241358981
sableux,sud,76995.38049411506,0.7806730282802394,19.16710894099791,pomme_de_terre,France,3927.591035521994,1979.8903705827465
argileux,centre,77519.62018537155,16.2348030524902,112.03778303677305,ble,Pays-Bas,26112.468694776566,15062.45480513088
argileux,centre,29784.894217462825,0.7984385356625026,39.9385324509363,tomate,Pays-Bas,23435.641442795808,13518.375595803001
limoneux,centre,7518.574501454072,11.922623834832534,24.56512785531094,olivier,France,85288.79400996145,51885.388530652934
limoneux,sud,94439.15683376988,8.029001437115099,18.66165158367081,olivier,France,51939.73499229819,35310.937957689326
sableux,nord,13972.081271813198,13.818632081618958,384.540852495239,pomme_de_terre,Italie,90186.01755627937,56986.29760903515
limoneux,nord,52123.55815787359,14.011361994492818,822.9288061221727,tomate,Allemagne,439105.92853561795,222400.07867327184
sableux,nord,76308.40140588154,16.233277415711648,125.32701455152947,vigne,France,379291.3011698497,239651.14717372312
sableux,nord,27666.70168008232,13.756973208054793,98.53233530214781,vigne,France,274346.28821289557,164796.45784213126
argileux,centre,33275.341578384534,2.449705299656336,20.293153395670284,ble,Espagne,4181.063891422891,2659.730579962388
sableux,sud,95307.67895906782,11.682038818404079,91.52907402399478,vigne,France,236022.77805621387,133470.009779874
argileux,sud,79223.12479476424,2.7125597393402363,161.3565189055053,tomate,Italie,86859.1984459195,45380.38415784846
limoneux,sud,16121.366560622557,3.288337800030299,6.887668341059988,olivier,France,19291.864263757092,10799.704717191355
sableux,nord,83076.70563258383,14.271723429551676,357.0507270110711,pomme_de_terre,Espagne,80873.57260889653,42650.481640304904
sableux,nord,94988.61485146658,19.72702074454598,150.00487084222274,vigne,France,454086.78214412805,267147.9497212621
limoneux,centre,91103.66658399992,2.668350904969951,21.46798927291901,mais,Allemagne,4361.137390003069,2406.498411035659
argileux,sud,66674.97870102603,15.047875145675754,178.2976106775723,mais,Allemagne,32552.02125722144,17131.483423089543
sableux,nord,96506.14124685808,0.7370122564514187,4.8186684703928835,vigne,Espagne,13384.820754529499,6711.243365847697
argileux,sud,71064.05669513151,1.9709736682505006,12.233962654535695,ble,France,3097.946551744516,1806.5276846697336
limoneux,nord,91949.1624585651,19.194696944453,919.2424050233914,tomate,Allemagne,475369.6753073796,316626.6365509613
sableux,centre,26792.500841970217,5.68578953680266,154.1951914069845,pomme_de_terre,Espagne,36367.38878336145,21557.887152316216
argileux,nord,82310.52687216012,13.852257864800645,112.9041591587471,ble,Pays-Bas,31699.739562650855,19548.34776946799
argileux,sud,92321.77242437816,2.1135941906884694,107.86042608880594,tomate,Pays-Bas,49105.98236075193,30676.866961849795
argileux,centre,98791.23228491972,3.4331293765187993,32.695625368739876,mais,Espagne,7279.110857263428,3874.920084800714
sableux,nord,44407.85272207819,5.831437902648772,200.4654077455173,pomme_de_terre,France,44653.20890627949,24560.061962966192
limoneux,nord,60589.20557091983,14.659356459401037,27.886207047213045,olivier,France,82154.28280923134,53376.583309282876
argileux,nord,24686.626655765365,17.62530301584425,144.3086819475261,mais,Italie,28554.054901844105,17268.289155099083
limoneux,sud,34238.8377782497,16.419521836654717,27.432531541921215,olivier,Italie,93488.61567107202,56466.264386742754
limoneux,sud,79543.4850747094,12.967546460997726,30.11739698934711,olivier,Italie,116751.7540210743,67527.16320816836
sableux,centre,57707.482811511436,2.2745407755009404,18.541665595012198,vigne,Italie,58600.401566794186,37528.17239455992
sableux,sud,71275.97779187902,16.031199625640607,546.7456179418118,pomme_de_terre,France,109709.73024236767,66722.47917735235
sableux,centre,51798.71892932261,6.91065640060641,49.538805307839766,vigne,France,117846.85939449965,79474.84158020829
limoneux,sud,18188.581401693962,12.997057523662685,609.7354522546765,tomate,Espagne,381001.4415566312,227439.87316059865
sableux,nord,23267.456786823725,1.2969380171963378,35.462285235682074,pomme_de_terre,Pays-Bas,6473.440677355329,3820.993273566561
argileux,nord,38819.19100583868,17.93723662647055,117.02752973371075,ble,Espagne,23576.30391731993,12733.984238254841
argileux,centre,12767.108035142832,17.534783170082157,722.8111024538067,tomate,Italie,450788.53219186375,307932.11296677997
limoneux,nord,98694.41460734744,10.963517596752984,19.612562367378352,olivier,Italie,65457.29767207142,36387.50150884807
sableux,centre,19035.213731091535,3.095780107455826,28.17844112376786,vigne,Italie,64260.150290195736,33836.63219958282
sableux,sud,42730.56408788784,2.5449487473833776,17.772161993479454,vigne,Italie,54928.598543887194,37470.04522868074
sableux,nord,89600.09167029001,12.075052844303949,107.77404831358818,vigne,Italie,251859.3600333384,149246.4900449091
sableux,sud,75816.75004751135,8.917361151478747,244.38305449263277,pomme_de_terre,Allemagne,56617.048079559645,33168.77711204989
limoneux,nord,36383.10572168683,18.706990563317554,832.5855929409864,tomate,Allemagne,516339.19833788107,352361.4737167411
sableux,sud,10287.081488912656,16.925123688314542,409.90804357423053,pomme_de_terre,Pays-Bas,105998.23959585471,71823.58243788515
sableux,sud,87223.17695992813,16.432905383510956,428.0878838618319,pomme_de_terre,Espagne,105167.88717400371,58505.79438206634
limoneux,centre,31598.013897726996,15.50511219724277,720.5781454170241,tomate,Espagne,353012.23177752,195127.70995280056
limoneux,nord,63008.9040319551,6.128295788184987,52.81028781695066,mais,Allemagne,9774.45749104855,5681.143225387601
sableux,centre,48155.457360814464,11.197760799793988,295.8534127535257,pomme_de_terre,Italie,55333.300742302345,37196.98393174178
argileux,nord,16086.126093459725,9.726740920511899,108.71731814697391,mais,France,24271.39971055204,13368.810620689957
sableux,centre,93629.11637449569,19.823124790919117,565.9649417503118,pomme_de_terre,France,135429.55392348825,79240.56025464316
argileux,sud,80550.39462668957,4.431732740931018,26.856053270950337,ble,Pays-Bas,5874.516555378522,3367.5565538275464
sableux,nord,88334.05137724528,8.15267959474139,63.63355327334984,vigne,France,172617.45365494615,110427.60131323131
limoneux,sud,52758.43705878552,5.028147555362938,9.589245453599103,olivier,Italie,36321.82300737498,20890.583704749188
limoneux,centre,94284.05174328014,12.740307034892648,545.0996607380546,tomate,Pays-Bas,299305.8974670082,165129.4035378702
limoneux,nord,19409.11357461136,6.578580322013191,361.02542169959327,tomate,Allemagne,203610.37252540005,111478.36136000225
limoneux,centre,37497.76612801121,16.51451744110425,940.1557203424172,tomate,Allemagne,497772.4579220216,269066.38576263003
argileux,nord,26778.88254710094,14.583925083664793,154.07319685159112,mais,Espagne,31233.194772076116,17389.524233889373
limoneux,nord,83545.88864186245,19.201958493998543,855.3900225541732,tomate,Italie,546984.8535965267,366113.21856111445
argileux,centre,14575.487286509217,5.492302871146413,56.96535043731669,mais,Allemagne,11546.283479823236,6473.652856089264
argileux,sud,19491.20907685483,11.737623023252857,113.81412791540916,mais,Pays-Bas,19292.15270438529,10261.728949272965
limoneux,sud,16667.02427534471,5.100167674604084,223.01206151815768,tomate,France,115169.95892557867,73445.16662835635
limoneux,sud,42905.25686766238,1.567851957029611,87.88918529303173,tomate,Pays-Bas,50162.2520953889,33967.19544444166
argileux,centre,92386.28355921224,7.253746890136244,55.59999526261649,ble,France,13881.206224310738,9625.654076331297
limoneux,sud,28581.51206192943,11.763823104785171,478.52389315299916,tomate,France,250018.5798108869,145981.43090936838
sableux,centre,6243.9733758916955,13.438978754325856,477.5251330384431,pomme_de_terre,France,107244.70958070045,56611.65054358153
limoneux,nord,22523.972784791327,6.342120279446302,304.08159672655245,tomate,Espagne,149602.40410901656,77851.46673216252
sableux,nord,64372.71876984997,7.8656559750833015,65.12646368766264,vigne,France,193038.6938431946,114755.79996294105
sableux,nord,43072.49078315597,11.412986460510249,298.82779453378765,pomme_de_terre,Pays-Bas,55594.00331091366,30540.607739606163
sableux,centre,90255.888932794,10.768280099856229,102.6494979103344,vigne,Espagne,319957.8444548283,197862.9231767945
argileux,sud,29119.413584113907,4.324205444022329,44.8860997021006,mais,France,9856.716299359297,6547.728593424599
argileux,sud,73477.24414949813,16.20364186347915,843.6255680963014,tomate,Espagne,542054.6212920104,277053.9036759512
sableux,nord,43607.26928598459,6.8178061915825925,215.43510310938828,pomme_de_terre,France,42361.198304682606,29428.051623325995
argileux,sud,60388.94829212076,8.71777873655371,491.23699147927056,tomate,Allemagne,254054.59280705,135913.7535435959
limoneux,sud,8251.670527950268,16.69776287802237,926.3366226257643,tomate,France,497651.4753889351,319047.76883474283
sableux,centre,79077.08360486293,2.7276395554477384,97.71607162093505,pomme_de_terre,France,21378.543903347763,12773.861033367766
argileux,centre,65180.43088348399,5.528809865947444,43.88661273496833,ble,Allemagne,9200.402948473882,4783.156452809887
sableux,sud,69902.46636232073,16.54038558027764,558.7450281029365,pomme_de_terre,France,112824.26441729891,66472.03999409075
argileux,centre,83825.47135218415,4.525214799331763,27.075626137466887,ble,France,5995.947731351256,3319.1353195174815
sableux,nord,68178.48408189428,3.919739933157267,30.33904452980231,vigne,France,84006.31755993403,58015.334708070906
sableux,sud,22515.237464501504,2.2615707312633537,14.96797759543318,vigne,Espagne,40221.850551271214,20790.56452475383
limoneux,sud,62988.44336575597,19.011482542626432,1123.2314444684805,tomate,Pays-Bas,614127.9024499181,396737.5291438603
limoneux,sud,61532.40341652421,1.5028033629428819,15.610176665545902,mais,Italie,3229.432469171321,1954.2992558580454
argileux,nord,38396.31530775079,8.549474236831669,88.85591886032998,mais,France,15971.046948594494,8563.348549760703
argileux,sud,30853.788036846458,12.009498003947199,70.33278205718229,ble,Espagne,19880.594258385307,10775.228176676932
argileux,sud,54523.563404289096,2.1907516313125805,120.85905361303499,tomate,Pays-Bas,72733.84491590477,40380.327590244786
sableux,nord,90819.56220042237,13.109965922784687,86.06832356039568,vigne,Italie,197454.9731939097,114987.36036304753
argileux,sud,57801.62523653207,9.727597302586002,57.75725120893259,ble,France,12414.846897244808,8404.151099313374
limoneux,sud,80557.47460611425,15.028758688344297,737.9552397524153,tomate,Espagne,454420.36138085695,314730.8484183469
limoneux,sud,58264.333430333834,9.880706734959686,20.00064618980746,olivier,Italie,63709.70915409438,37302.95519481887
argileux,nord,67857.24163265145,14.888187454677237,144.52362903074277,mais,Allemagne,25836.93460999167,17959.765947492375
sableux,centre,7020.594030786779,17.556682617341888,619.2033452840687,pomme_de_terre,Espagne,114925.61239657982,80229.90482388542
argileux,centre,13411.624008293724,1.233137077522087,12.729709601257479,mais,Allemagne,2964.1639240176746,1619.457079380551
argileux,sud,45028.915216321664,14.882854880983384,87.94766387625863,ble,Italie,19706.882861886115,12874.081886206435
argileux,nord,91482.21469546577,1.379463205796302,9.23766418609681,ble,Allemagne,2006.4792477070278,1023.3199930502543
argileux,nord,13494.045219664653,8.642825127806104,509.0160783383097,tomate,Espagne,321059.2411866184,161224.07752304676
limoneux,sud,43150.122460421306,16.837601838023286,953.2246331932955,tomate,Italie,437900.9791064534,272891.9544069945
argileux,nord,95940.67498341593,16.611011067982336,873.665403704494,tomate,France,483706.6621622962,280813.573919335
argileux,nord,29722.169955395093,10.547334524137154,126.4134230962942,mais,Espagne,27904.49711798924,18280.567724597277
argileux,sud,8312.190222213367,17.950968103942877,882.2657040948252,tomate,Espagne,445184.10585204937,269187.08457630535
limoneux,nord,85958.38566796573,1.1907361841616289,69.81499361698592,tomate,Espagne,32631.343145239138,20176.264810770306
limoneux,centre,29676.60945723099,14.606692216927406,121.58880625985789,mais,Allemagne,20655.720151295667,10763.778678901634
argileux,nord,10844.11749272733,17.716672248180494,205.9750038089586,mais,Espagne,38526.030827467344,21743.967340224885
limoneux,nord,30367.685666095025,17.63328473392558,37.50179052156709,olivier,Espagne,140284.93694218845,78324.924755402
limoneux,nord,71259.78885858195,13.762745049325858,151.53974921307537,mais,Pays-Bas,34160.49861606407,17955.827106651763
limoneux,sud,83452.59130365246,3.0129624157321815,165.32174526915097,tomate,Italie,101440.33257111337,54125.83924861468
argileux,sud,23347.62213579284,2.1399153771257007,15.337980579480801,ble,Italie,3892.6644649423265,2304.4687456179686
limoneux,centre,31917.580085230253,0.8593405153952407,9.762525903802977,mais,Allemagne,2026.2003049864616,1040.645087162453
argileux,centre,94036.70628746286,13.913771584865861,89.64222818766939,ble,France,23831.0831706227,13304.55054462387
sableux,nord,10502.443753085838,1.9565411462781532,18.72111463924258,vigne,Italie,50471.344528158574,28793.158677012485
argileux,sud,11234.48373453123,16.519502474445098,130.3818219490299,ble,Espagne,33655.45880546273,20557.409130682514
sableux,centre,99726.82751498256,8.810535393601473,228.7522110605816,pomme_de_terre,Pays-Bas,53869.90542457998,35330.36616489565
sableux,sud,69647.43369709775,13.262968678482137,469.646532007217,pomme_de_terre,Allemagne,85712.45760892489,47462.929403015885
limoneux,nord,65659.96502808813,8.253090760274489,492.54076710485714,tomate,France,253239.12028092766,140576.95213177789
sableux,nord,24034.1186371277,17.428394863065353,142.92679656264409,vigne,Italie,399227.81698524486,266744.40619818453
argileux,nord,13660.62658858821,3.4963317441416972,35.387833562882086,mais,Espagne,7763.009359118606,4977.3808053393495
sableux,sud,22618.59309428216,9.510897169930383,296.5490811888701,pomme_de_terre,Allemagne,59251.45432533379,34858.66543488347
argileux,sud,66894.34934621514,6.85554654706546,66.72494539228356,mais,Pays-Bas,11528.05588893893,6998.455404669208
sableux,centre,50594.18929812673,12.200400688326422,394.55830630230605,pomme_de_terre,France,101090.52978447547,52408.9971334436
limoneux,centre,76170.3557146219,3.3454804436853363,172.01821467004487,tomate,Allemagne,101575.55062176869,59733.560799251834
sableux,nord,54182.606121547586,2.2133967333242506,54.00342143020226,pomme_de_terre,Allemagne,11266.415628834418,7160.720382774355
sableux,sud,24081.613536917946,14.017281846042279,91.55790192902164,vigne,Italie,293127.1985728868,197906.58883025812
limoneux,centre,61503.78055080893,12.523789346318244,115.16054552898123,mais,Allemagne,25877.700494618814,14418.604794864339
sableux,centre,63164.50865871001,9.945769727693792,81.25300659823161,vigne,Italie,246508.01648087264,148846.2816149026
limoneux,nord,20579.95069400224,9.052840721545998,18.78123083979052,olivier,Italie,61511.061100520885,35482.75374359511
limoneux,sud,49667.34630618318,15.013441779101635,29.23003413340351,olivier,France,84591.92494080376,58861.41067273675
limoneux,centre,36569.88940873535,11.078333396527666,92.23937769986259,mais,Espagne,19460.334931230558,13341.233407814045
limoneux,sud,29479.874408565298,9.521147656416668,20.772623517806007,olivier,Italie,66692.41891306716,42070.44495122085
sableux,centre,87367.9921316326,11.78417046716167,385.3788100472419,pomme_de_terre,Allemagne,96296.09046126509,50060.44968779392
sableux,sud,31298.6407373299,12.050831407570563,85.24901548415417,vigne,Italie,245650.17182119,135937.25229069986
limoneux,centre,73003.37164479842,18.22613415298,815.6352962633501,tomate,Italie,396558.1214065162,209828.01546768707
argileux,nord,28486.95206830182,17.479623074813972,175.83223779476813,mais,France,36873.555648241876,25108.962850829244
argileux,sud,34654.065386162474,8.281395949673666,332.7515250305941,tomate,France,201213.0586922467,135582.4431694946
argileux,sud,48110.00643144573,5.102984035256047,31.002271860090513,ble,Italie,7362.804770977625,4168.245171382015
argileux,nord,47696.21434530508,11.963745236652546,538.9733704646465,tomate,Allemagne,283430.8522741317,164075.95737073285
limoneux,nord,55683.63290347108,15.744911431978073,30.814286135446988,olivier,Espagne,103837.00459134098,61473.46218688208
sableux,centre,10423.251328484912,10.857805796020124,70.8569475710296,vigne,France,191469.57487356648,98266.97189327405
argileux,nord,53187.30682539728,1.310670751482646,10.960568493445699,ble,Espagne,2174.957321648385,1108.4401228463705
sableux,nord,87452.2379794021,9.367427184860253,279.7690693781418,pomme_de_terre,Allemagne,62270.88730447458,42023.61401089099
sableux,nord,18636.524393742322,18.826485942573413,130.27216749547344,vigne,France,388319.11662582296,259695.10038635827
sableux,nord,96517.94911793791,5.478477232204421,52.218763811697755,vigne,France,118406.88196607382,77103.0734963759
sableux,sud,59207.92593068882,1.0925476640883187,9.402995741896248,vigne,Italie,23184.732958895118,13174.096335658543
argileux,nord,59832.597487616076,7.297186511218424,53.22473695560821,ble,France,14596.703291935166,7317.8033956459185
argileux,nord,13595.761052269821,6.129369112847443,45.48869983620738,ble,Allemagne,11679.142618880525,6288.410239213201
sableux,nord,80792.29664157028,8.993874638852194,61.02046224691995,vigne,Italie,137647.43618108833,87417.52386546522
sableux,sud,58526.69809810359,7.918184232539555,246.7134041765705,pomme_de_terre,France,53179.95163742569,37069.96746932125
limoneux,sud,21002.216588558367,13.030231394470198,26.065104773752903,olivier,Italie,100136.24890634112,53128.94188169232
argileux,nord,37418.54362448485,7.913814566324213,57.173215901811844,ble,Allemagne,13718.6675201859,8521.033912339251
limoneux,centre,75953.19303290316,14.452072688435852,163.15773937642837,mais,Espagne,26520.39757307405,15130.020933573325
limoneux,nord,67195.84273597808,7.911452924275503,392.2788282079271,tomate,Espagne,184482.5214415544,111210.79556270066
argileux,centre,34192.54666799722,16.159005007736937,149.3937307403312,mais,Allemagne,31920.925070549154,19791.578721040823
argileux,centre,16579.178867010018,4.032412315926266,35.18583543872676,mais,Pays-Bas,6167.729644521215,3953.171419603327
argileux,centre,22596.702422003917,18.396173538841857,153.57412375234819,mais,France,29009.03045244632,17251.67508543333
limoneux,sud,5245.481410273326,12.940711512969305,134.2489376831274,mais,Italie,23797.937108585153,13750.538546566193
sableux,nord,84786.82377233844,18.05045090626122,484.51826650115976,pomme_de_terre,Pays-Bas,98921.594428406,54763.82427982301
limoneux,centre,81905.34769800196,15.449794636407917,748.9889913899345,tomate,Pays-Bas,362213.2045250714,200168.16307022554
sableux,nord,25590.281008623686,2.3664338326431538,75.0246089223353,pomme_de_terre,Allemagne,14741.952514675653,8438.409216015189
argileux,centre,65041.47117193975,1.639864975116801,10.443828911678619,ble,Pays-Bas,2689.0147140054273,1644.215812241799
argileux,sud,73829.10088286872,0.8085112894288575,6.3810781363663365,ble,Allemagne,1670.1949788590812,975.9327002769792
limoneux,nord,12544.840053953729,2.1703358671303956,3.805670616662587,olivier,France,11310.406197029431,7114.253854439782
argileux,nord,84026.9957588851,13.557251014612257,100.22158532747603,ble,Italie,25842.297127138507,16896.57669065007
sableux,sud,23080.86196781144,1.520608077836912,43.117345766969706,pomme_de_terre,Espagne,10281.41909283842,6240.398592141013
sableux,centre,95974.40202801111,3.918407375974363,27.597295358950753,vigne,Italie,64761.92309279444,39499.96857751963
argileux,sud,93081.892850548,5.075520596181344,30.58896906018541,ble,Pays-Bas,8040.979186235095,4392.626423794816
argileux,nord,68798.05214323854,2.3121183153981035,18.048685896262942,ble,France,4540.089259273218,2717.8441373922415
sableux,nord,8435.2361498524,6.4110029409339075,181.57009739166116,pomme_de_terre,Pays-Bas,37713.151710623635,24596.10019535874
argileux,sud,83402.1802821252,5.954219000193845,342.1695149037938,tomate,Espagne,207784.2142475255,121570.91242297992
argileux,centre,52609.53492229092,8.244986159869615,86.66964725575602,mais,Italie,19457.342888764528,10483.90665156451
limoneux,centre,12687.331889868958,8.358113485920647,450.494140801044,tomate,Italie,288976.03373071906,169164.17575233924
sableux,nord,59640.51829717937,9.84741158268811,307.9920891239397,pomme_de_terre,France,70376.26474914509,38498.493918183536
argileux,sud,95515.76512212296,16.59141496460358,140.81212929427912,mais,Pays-Bas,23073.25827533984,15527.535452780188
argileux,nord,93962.67151894775,17.58405125566183,140.39205318764792,ble,Pays-Bas,28016.15058705806,16235.061375954647
limoneux,sud,41713.77991011898,11.506601268238208,508.99573846000067,tomate,Espagne,305830.45026487584,176189.05993520096
limoneux,nord,45882.03186334751,3.827962791724969,213.04113809297982,tomate,Espagne,103442.82285834251,58101.39119926208
argileux,sud,26744.987460428292,5.036588001972279,30.655229479192677,ble,Allemagne,7491.514214751146,4605.658004909004
limoneux,nord,89227.40044784434,9.270800652015788,439.0204986785931,tomate,Allemagne,239848.73850671147,159408.88523053663
argileux,centre,96563.11617082334,5.347315025441371,36.2121549951028,ble,Pays-Bas,9592.799185646983,6451.906255260601
limoneux,nord,25444.177841637564,0.7363551055559188,43.82599665835762,tomate,Italie,20288.076575245144,14028.664439738848
argileux,sud,30255.85798215978,13.098757407518907,118.7281472134145,mais,Pays-Bas,23407.653371194745,15682.89993344284
sableux,sud,40709.38708884809,8.192287432115688,273.78787236372705,pomme_de_terre,Pays-Bas,52198.09601825332,35472.26502132061
argileux,nord,70372.79707822151,9.033260919080142,71.85453580075026,ble,Italie,15827.336955852734,8606.366365652544
limoneux,sud,67638.62260954935,17.95479594377746,187.73057649981453,mais,Allemagne,36503.19972465183,19109.72116648158
argileux,nord,47110.94330714374,1.4327009976850567,11.016582857403685,ble,France,2251.166235067957,1543.7342166342542
argileux,nord,53315.032497519955,8.058107013914006,96.42615816104556,mais,Allemagne,20999.211824162994,11921.795965685345
limoneux,sud,44152.4383749633,11.217512852519027,18.56465022955577,olivier,Italie,51965.07724968595,31026.70982609427
argileux,sud,79336.0678335741,4.942927142090644,263.6903735993995,tomate,Espagne,125062.35411059915,72160.65395912193
sableux,nord,66170.90408640742,10.840891598358587,386.17278058613647,pomme_de_terre,Pays-Bas,73380.04419484654,44404.669994766664
sableux,centre,51171.472782866294,18.445795033778452,579.1610120189281,pomme_de_terre,Italie,110184.02713146851,69674.48378038956
sableux,sud,14026.111404268942,7.831861353855572,224.49117049641666,pomme_de_terre,Italie,57345.38658393085,37381.24728715766
argileux,sud,89257.86551988061,13.093310846776518,103.2361920798458,ble,France,22788.561714301235,13472.522122349028
argileux,nord,26001.020288104202,19.57874693661162,200.31511141359817,mais,Allemagne,33227.82816594783,21132.501092597624
sableux,sud,30586.47333869238,11.02134629966235,74.34360850980902,vigne,Italie,174103.13245643448,88265.77045326795
limoneux,sud,19314.23023243835,7.1764809026541565,79.17624823191085,mais,France,15724.558035054197,10071.42704633728
limoneux,sud,70444.10369475861,17.52979685928575,193.6075985926616,mais,Italie,39143.399854942465,21045.431576877636
argileux,sud,99221.94537818953,2.43397294195071,27.26118789342187,mais,Espagne,5026.605461469775,2772.3256699649996
sableux,sud,63422.932832407576,13.913740142658344,423.87302180044384,pomme_de_terre,Allemagne,76474.47929170253,41892.86108040269
sableux,nord,6048.003354934251,15.116136947143321,129.55757146434192,vigne,Italie,400588.17237081274,242730.87059680818
limoneux,nord,16847.835406582097,8.014829719423556,89.13772303097511,mais,Espagne,15324.846928723868,8695.18940484985
sableux,sud,5305.735042406474,12.581992080466893,421.87882432068,pomme_de_terre,Allemagne,89516.85192612911,47009.55152305269
argileux,centre,73723.4527331672,2.530678479445605,19.15278623228149,ble,Italie,4802.455213269049,2783.363151802917
limoneux,nord,65466.611849669636,3.405494854910247,37.40493668233325,mais,Italie,7965.4945025180305,4319.504518622321
limoneux,nord,19007.990037096977,6.899758695381575,57.64335590343854,mais,Allemagne,9597.794013127825,5180.184891795219
limoneux,sud,74693.50385401968,6.33914845459179,334.3968340073998,tomate,Allemagne,203022.45804709394,137310.7397615265
sableux,sud,84781.21713538363,7.9847425626943584,247.95206589735324,pomme_de_terre,France,55849.71443515933,28152.20224821467
limoneux,nord,71523.9361472295,11.923297846452089,128.66052153418866,mais,Espagne,23610.26603127281,12085.248776436953
sableux,sud,45817.39721019883,17.518239884449734,122.54927695861366,vigne,Espagne,331886.3448385277,200262.28666153038
sableux,centre,12657.143806926842,14.69481648598842,429.7088865441841,pomme_de_terre,France,77589.24048547653,53423.602104647536
sableux,nord,76380.63317275934,13.31062554720922,88.1252013715747,vigne,France,223149.49586783693,144524.74882920284
limoneux,sud,91094.18514949849,5.366150897065369,296.1469492246955,tomate,Italie,183302.4900097841,118481.63299639063
argileux,nord,86043.51422334679,1.4067614355812772,14.416450944205478,mais,Pays-Bas,2888.109451595765,1784.2187970409243
limoneux,centre,90484.16784029089,0.9255562371220453,10.971152806556425,mais,Pays-Bas,1818.6064555496762,1120.7004721629044
sableux,nord,51975.707473033835,19.601241387444258,640.9972228092681,pomme_de_terre,Pays-Bas,144369.50995770493,87663.11581906254
argileux,nord,62810.090906164325,7.315374255692967,44.0640918719923,ble,Allemagne,10345.504713246532,7058.033864416697
sableux,sud,56785.02518476647,19.620078029021567,565.9948021628212,pomme_de_terre,Espagne,104943.05967780971,58603.66560434043
argileux,centre,12763.907845943933,9.436862509808801,81.75246625106085,mais,Italie,17153.427537349457,11266.060890099185
sableux,centre,86888.75629840586,9.473164157524574,69.43715830793357,vigne,Italie,164006.11887778985,103127.92092246759
limoneux,sud,79696.42894148314,4.426593751651501,191.64551236527413,tomate,Allemagne,115246.08657255158,68700.82305499613
argileux,sud,88560.27622039527,17.476279288397134,119.94792146852025,ble,Italie,31673.951518336966,18637.07508916244
sableux,nord,13944.4314619413,7.20143225587751,206.60002040605434,pomme_de_terre,Espagne,38931.273158157135,22138.034078337085
argileux,sud,41139.90071321842,15.624431093043885,688.651943716038,tomate,Italie,322845.00389184547,202961.61431731057
argileux,nord,65285.32966727886,16.059326112509936,131.08026975648528,ble,Italie,27775.912361004466,15577.292069031737
sableux,sud,63279.94817072175,7.580464364363204,52.610950480702165,vigne,Italie,149841.91250719584,103888.8862074271
argileux,sud,34750.38950764183,16.072568811463647,918.3460584648789,tomate,France,560852.9541774306,335927.72563802026
argileux,sud,51109.10340018928,2.88746101799935,26.830417118864588,mais,Allemagne,6050.226826185416,3717.8768627748036
limoneux,sud,70251.79477912775,2.3140944859705304,130.65185149050154,tomate,Italie,60868.2566315555,33702.79642226499
argileux,nord,33166.52922191495,18.405055992644115,142.21275256853164,ble,France,34054.660385535986,18242.14916752409
argileux,nord,29160.58821194009,16.475474544993492,832.1547723336885,tomate,Pays-Bas,393266.89352656715,268429.8657698923
argileux,nord,44911.279145533874,18.15451754841847,159.12510284074062,mais,Espagne,33238.46936163331,19139.185519964376
sableux,nord,84937.51754305219,9.69009976426421,81.68032036268141,vigne,France,239011.1207084115,151767.08948086103
limoneux,sud,20877.54108976602,13.278006988987334,22.016750655286614,olivier,France,68438.1031231925,36047.902264859425
limoneux,centre,39235.89289338302,1.8358554292261016,3.537041819675676,olivier,Italie,13385.33139397425,8746.609603730949
argileux,sud,10613.919557434061,18.027524069514822,207.26076580258746,mais,Espagne,41939.57357421934,28426.731299945073
sableux,centre,26539.386377733514,7.941432827410402,229.92936523983613,pomme_de_terre,Espagne,49159.789095558976,33998.66753324415
sableux,centre,96793.12401714583,2.9853522087459448,28.399309957291315,vigne,Espagne,83758.52150001396,44568.564122641525
argileux,sud,64027.72723908531,11.404103733171866,115.53159414052726,mais,Espagne,25975.92450193395,17598.271207006022
sableux,nord,56366.35528126648,2.382422168811096,57.532751863584046,pomme_de_terre,Allemagne,11742.504894838974,6814.510288741289
limoneux,nord,33492.31559316354,14.992267375266266,870.419558604811,tomate,Italie,507942.8528937958,295295.46568196075
argileux,sud,64486.73630134813,10.860672151077154,496.3957826984598,tomate,Allemagne,281238.6732269631,140875.96599207664
sableux,nord,54537.340459141,1.7409977310895257,14.479410194838284,vigne,France,33937.67106511728,17582.246587572517
limoneux,nord,11145.2548839375,19.13857743255467,1031.3589738567962,tomate,Allemagne,651958.4307318869,395812.6687384535
limoneux,nord,37377.49148003543,3.71408116926186,218.99027193785932,tomate,Allemagne,133093.62682760347,76140.05400407397
limoneux,sud,17510.87665484366,5.066596712901971,12.041339437220316,olivier,France,36435.678492791536,22058.90936670186
argileux,nord,30551.099853514752,8.435952237868147,337.93092334830715,tomate,Pays-Bas,184002.93865339633,127122.1563937215
limoneux,centre,97295.60563559982,6.96126663850949,61.150486970371084,mais,Espagne,11876.507310882964,7186.977139074275
argileux,nord,56015.711393379046,17.155651954184833,136.10072435131548,ble,Allemagne,28241.753159509477,17855.22344883741
argileux,nord,59344.62112008358,10.49702065615012,86.16910218456742,ble,France,23254.28597747239,14954.54155551023
argileux,nord,37796.19856616075,10.394532804997272,518.3850346026826,tomate,Espagne,237923.54925359745,145104.95606960665
limoneux,centre,20694.374237095763,8.10251088236011,18.682825053227234,olivier,Italie,56231.71453348471,31775.328931992957
argileux,nord,73250.77683277985,19.10364598790829,218.76582253329428,mais,Pays-Bas,48507.01235574658,33561.43201237993
sableux,centre,15876.325616260987,7.9848582193771,226.9986299153737,pomme_de_terre,Espagne,51688.88680639593,30500.74727988594
argileux,nord,43402.77431619987,6.761081393197477,65.24917702003644,mais,Pays-Bas,13758.717919405726,8635.19153091759
limoneux,nord,5962.462482635621,12.903872904986073,26.969852792368165,olivier,Espagne,96249.1386172679,65053.668285704116
sableux,nord,11312.165213798613,10.912365714681394,263.42973896325395,pomme_de_terre,Allemagne,53635.15274145517,32331.2647755672
argileux,sud,9155.211869349998,2.89856425491304,27.167284532741864,mais,France,4532.907281158053,2821.832162361815
limoneux,centre,43370.297096161754,2.0134855722630967,23.04830890020074,mais,Allemagne,4109.331298264937,2560.7383293726616
limoneux,sud,77138.34744649824,2.42803554399239,3.908767587555042,olivier,France,10682.28802903282,6638.028847698083
limoneux,centre,20851.719161381516,8.895322100013047,514.1668805650544,tomate,France,328721.7393804211,207767.33759662256
sableux,centre,65505.72015820061,7.141781248335188,206.50850948411292,pomme_de_terre,France,38844.41443015353,20609.76261754464
sableux,centre,48130.15401363091,13.921347597714622,415.2330983310908,pomme_de_terre,Espagne,92411.37859333602,62178.274407924444
sableux,sud,24842.0867170453,18.549927935494047,533.221596545778,pomme_de_terre,Espagne,102253.21175824746,61600.37787616729
sableux,nord,84370.62245632113,7.7227412323684765,229.27333745269848,pomme_de_terre,Allemagne,59516.753363464726,35169.86461829739
argileux,nord,62653.347449808345,3.455893710962659,28.746393552197627,ble,Allemagne,8171.150619492845,4938.842078325146
