humidite,temperature,type_sol,ph,ensoleillement,age_culture,precipitation_prevue,irriguer,debit_eau,duree_minutes
38.708610696262625,34.75335220096895,limoneux,5.477359763145865,2.162349049537775,132,14.016737627570624,0,0.0,0.0
90.56428757689245,15.338866501999147,argileux,4.951772833644695,1.178819906268966,87,6.608982887693587,0,0.0,0.0
70.87945476302646,30.170092605838462,argileux,4.848717871327325,9.642217301219212,176,21.992781985691746,0,0.0,0.0
58.8792635777333,31.235026623399957,limoneux,7.376309789415423,1.4643659318621838,112,32.19782897238068,0,0.0,0.0
19.041677639819287,24.84457349558351,sableux,6.1804749113909,1.5015030857009632,129,19.04759225117375,0,0.0,0.0
19.03950683025824,35.7755482468653,argileux,8.121439497111481,10.205659377130052,89,2.728270414134948,1,1.890210183636175,57.27327222236276
10.227525095137953,42.70284551691552,limoneux,7.458685202907055,4.135249013370716,66,29.97305698293583,1,2.9686971621039326,46.96653525002662
82.95585311974416,42.39489795173717,argileux,5.265041671658347,0.3702948516968694,158,45.120163805533736,0,0.0,0.0
59.10035105688879,25.77937799914462,argileux,6.955109675262796,0.6227435942209305,131,19.160768297362583,0,0.0,0.0
68.7265320016441,13.963331604426434,sableux,6.242021817592637,1.7060453604467467,122,10.816638881541351,0,0.0,0.0
6.85260448662222,44.46944196368171,argileux,6.808998923074452,2.5607201757082745,149,22.12886729664077,1,1.8785828749015823,54.906255813010254
92.29188669457949,39.361433025607695,limoneux,7.452276493354068,7.9817543308608645,84,2.4181355524390433,1,2.138081487494691,30.97421170135069
79.91983767203796,14.36319384211434,argileux,7.724783524015163,1.887915360021939,177,41.02437922401374,0,0.0,0.0
24.110519961044854,42.22946589160803,sableux,7.874949305626897,1.426492694124864,116,41.317040547509336,1,2.814091404087343,29.83180885662725
21.364247048639054,40.44637267217449,sableux,5.515899498288099,9.17662969771535,116,29.400023171481422,1,3.558658781615291,31.043178822572635
21.506405886809045,28.159331999412522,limoneux,4.624462399669431,8.052663406318974,38,17.655144446919476,1,2.688596156721552,34.81494014993686
32.381801866358394,30.694640251072524,sableux,7.457178940659093,5.223890657462834,143,39.989168222289166,0,0.0,0.0
52.228078846901404,23.96509463545456,argileux,4.925374905023098,6.591717257761248,110,27.73435123941836,0,0.0,0.0
43.87505167779042,11.916657358771097,sableux,5.759678354451871,3.7438082439170217,46,41.29661542750081,0,0.0,0.0
31.210622617823773,21.731903457606535,limoneux,4.515268536497389,5.790005042824328,25,31.57293962915103,0,0.0,0.0
60.06676052501415,38.099870700930396,sableux,7.22667792960648,6.080071787792949,21,39.22027366063986,0,0.0,0.0
17.554447458683764,10.1621208051611,sableux,5.1685280458848855,4.6468472541371515,121,29.928149660888,0,0.0,0.0
31.293018368169633,21.672471009190048,sableux,7.121129638766632,10.878866528065952,122,20.70705341078331,0,0.0,0.0
37.97256589643225,23.935904275683015,limoneux,8.466970468671356,0.19274237977207376,133,47.89729299630688,0,0.0,0.0
46.046298579533236,28.8088461028273,sableux,4.790683486440065,9.386055157094955,70,27.05569124394224,0,0.0,0.0
75.66583652537122,42.19494657444662,sableux,4.808312047805843,1.4925939748958919,113,30.25447592702692,0,0.0,0.0
22.970640394252378,22.122109802808644,argileux,5.8615203706667,9.570568326446393,107,11.024381970737462,1,1.9049700718271132,44.59633919108263
51.28109945722505,22.14336206636797,limoneux,7.965546057005368,7.3909429881206545,112,31.282539471363823,0,0.0,0.0
58.31731119758382,35.81254368384119,sableux,5.362119475165327,10.11933709123683,108,28.580382474147193,0,0.0,0.0
9.180537144799796,25.82762793114325,limoneux,5.94151127972139,1.1701719076907695,47,9.241919897351247,1,2.7147267810938303,46.59260502399437
59.67903667112945,17.861168802899368,sableux,4.774021626507919,6.707767609197289,91,2.979354867657186,0,0.0,0.0
20.347171131856236,25.83538306464427,sableux,7.552621165035557,6.013054563146365,18,30.217965985738555,1,2.822491000967907,25.635598625576037
10.854643368675156,14.929995713292996,sableux,6.133225371037804,8.474318195560304,149,38.18461346751603,1,3.9567984921877124,37.48622136690062
90.39969835279999,16.173544527717816,argileux,7.536994932243371,6.41148662272411,104,26.17006854610041,0,0.0,0.0
91.90688297671034,27.442872045881792,argileux,8.11443137738718,6.488814805597251,151,11.338631265982285,0,0.0,0.0
77.7557613304815,24.662390732659176,argileux,5.431052588405155,5.155151322912776,40,33.326098834651745,0,0.0,0.0
32.41523922560336,42.0196065373835,limoneux,7.729584121359805,3.70601308808809,138,4.0052863304801125,1,1.6432302604768614,35.26992885591438
13.790490260574549,22.683786469082158,limoneux,4.736375560313013,5.787172335026306,89,22.091685240097732,0,0.0,0.0
66.58097238609412,30.32059225973152,argileux,8.09538955272099,1.421908305220807,61,8.16833791992101,0,0.0,0.0
44.61372443656412,32.12925007718356,limoneux,7.10307419023499,11.538160067797017,5,9.222952552994169,1,2.171601883490142,26.47635782194558
15.983441136030095,10.458305980591676,sableux,7.996906896553407,8.572929163519179,122,10.114697457910182,1,2.6587245610652475,28.075477104592842
49.56592191001432,33.22380802058487,sableux,4.500753598226328,11.429605400254161,55,19.335352852198895,1,2.466216885841652,24.565702285265115
8.094966900369656,16.2312588404413,sableux,5.17632428142397,2.720728587959559,37,2.5575102810198813,1,3.7910650016533305,25.96271569627495
86.83883618709038,43.63746111143093,argileux,6.059037549705968,10.552092242118336,56,19.88967204645491,0,0.0,0.0
28.290198344001524,15.203195471358953,limoneux,6.018011613498874,9.705479814762462,102,25.585372355735043,1,2.2834959185096526,34.471904444658435
64.62700559185838,24.511844330445832,argileux,5.406921531694042,8.125828949492083,93,24.164714248316262,0,0.0,0.0
33.053996848046985,12.987238382752535,limoneux,6.0264477594688,7.500350233022469,73,19.139205020152026,0,0.0,0.0
51.80612190600297,44.890598814608154,sableux,5.015394848001019,3.79859598321444,59,41.957330403537625,0,0.0,0.0
54.203925140895166,27.57682536159349,argileux,6.151044517064104,9.79692941958037,2,7.266334621025205,0,0.0,0.0
21.636900997297435,30.838475606201534,limoneux,7.709417316637056,6.018185537756805,104,25.2848371890687,1,2.5900983074322177,32.50900162694475
92.26261649881027,12.347676708594962,limoneux,6.416280252413404,0.8506989106954244,51,3.102070847827715,0,0.0,0.0
74.76195410250031,36.248616463971224,sableux,4.57200035578086,3.75435793026156,30,3.5577839438954872,1,3.10360240201177,14.441797246741215
89.55490474077702,17.3466957583455,argileux,6.185776166316989,11.22356518254393,11,28.693292483854815,0,0.0,0.0
85.5344615384884,41.43190013042498,argileux,4.608700064363377,10.208163127258155,108,28.30092124439105,0,0.0,0.0
58.810998092997664,17.17988741687025,argileux,8.364973642827193,11.78286837691847,76,43.90167564222285,0,0.0,0.0
87.96868115208052,16.67407022322833,sableux,5.009815837691476,7.535920591249177,167,27.89368378300366,0,0.0,0.0
12.964325184672756,11.27923837468332,argileux,7.3307533053224745,2.9701208776849435,90,47.98955102024251,0,0.0,0.0
22.638457617723066,26.522343078849975,sableux,8.391105291568344,1.9537805961223653,123,2.434742419996488,1,3.5133502493407875,27.678405145609474
9.070456001948425,29.769439664191573,sableux,7.8041562066662875,2.2429732873015396,125,4.900384239037053,1,4.1578754617030675,36.399007420293664
34.27972976869379,12.299802379992332,sableux,7.297261500504815,0.23754790016705263,122,2.20329307851907,0,0.0,0.0
39.98095607205338,37.14346658432537,limoneux,7.857843638003068,4.688185331831271,94,9.263842516677002,1,2.3418666608076406,28.063190177235946
29.421412859650633,25.86510921618097,argileux,8.42719477304251,2.29713216599451,103,27.063505547083906,1,1.3504138724466563,50.30252143635531
79.58637582367363,28.353659426465303,argileux,6.985377989014118,4.939865525480429,162,32.2786090713714,0,0.0,0.0
37.10779940242303,25.426696142837983,sableux,6.736739227317306,11.219933182065185,31,2.27925789743344,1,2.565955806235358,25.107792368121054
30.28410587186427,24.02670713063641,sableux,7.012952441853125,5.16648251408628,52,47.298544492279966,0,0.0,0.0
53.84264748424236,29.587411595787625,argileux,6.63070354704622,10.535813963818018,89,42.10826883251905,0,0.0,0.0
17.683180247728636,15.433408607574938,sableux,7.040356423638875,7.266057199390518,76,14.830624107854657,0,0.0,0.0
77.19772826786357,16.36748456733449,argileux,6.299368831890237,2.965578655936703,129,3.859376511323398,0,0.0,0.0
11.709557931179374,40.162496735473106,limoneux,5.373772731533228,4.270257111110537,22,8.494353660952864,1,3.3704255742134386,39.840223789527826
93.81982429404655,43.11404117467715,sableux,4.9809889060467025,1.007034429857153,40,6.347220687748633,0,0.0,0.0
74.50202923669917,23.065826069791353,argileux,4.773363742129042,4.001551123152126,101,6.164188964947343,0,0.0,0.0
22.884411338075516,19.476063560024382,sableux,5.5532631350128,8.130491346042408,111,25.928084433286696,1,3.298647269291777,25.85052621768554
5.496990541124216,32.539984013365554,argileux,4.684494257342935,0.8653331151532222,129,12.292372124670015,1,2.060349193306688,54.36139482692145
78.39152856093507,24.305695988433374,argileux,6.768683119677542,2.464816901736352,65,17.906985826457223,0,0.0,0.0
68.61716094628554,10.88852244811207,sableux,5.635313788094081,4.577292496959737,170,49.475266669216126,0,0.0,0.0
70.61064512368885,15.465340907816662,limoneux,7.798139232348129,11.784594444191551,149,34.21571244626724,0,0.0,0.0
74.41433120173512,35.05902800965892,argileux,4.796963491953546,9.418341875506563,79,47.44903335235007,0,0.0,0.0
11.664018656068134,33.062337966855296,argileux,5.405405977365944,8.801840957905247,22,7.127827751655779,1,1.6499334415659188,50.10581478589783
37.261915568984534,10.948359737621923,argileux,7.420984588360584,1.3942914783053517,166,19.106973741628465,0,0.0,0.0
15.428215357261674,17.76902566765323,limoneux,6.895233185533966,9.371950723379896,99,27.736590164117715,1,2.8053218677239418,40.43095594292398
82.67930832880342,18.0876178805825,limoneux,4.75796508499667,9.423225738192182,8,3.837903094436901,0,0.0,0.0
61.096831414480214,33.516246025955496,sableux,8.008957828648802,7.213232347491939,175,0.20937218139789326,1,2.5812081268018296,25.215617292564467
34.78082223673843,10.689868821402746,limoneux,8.009047051304718,11.884341383980463,17,33.521716689845874,0,0.0,0.0
10.720251525742128,13.643800369460084,sableux,5.821632015503095,3.9030468710946233,17,32.09097584007176,0,0.0,0.0
32.9884089544096,37.99706298806163,sableux,5.861623373398259,11.29526937890222,90,20.53944049998059,1,2.5117272483090627,30.78291692913991
34.266498982407235,16.249063171901675,limoneux,8.456113433400695,10.976773379478043,141,24.48220380160163,0,0.0,0.0
70.66455605042577,32.84611377481561,sableux,7.004704686372553,0.1377679169925341,145,20.77215002960448,0,0.0,0.0
62.38017242196918,18.33639733663543,limoneux,6.625266082272237,5.4013983176977325,166,1.2002522422444428,0,0.0,0.0
84.84914683186939,13.48044874657708,sableux,7.852608734207697,11.72525079661888,81,16.768580310873123,0,0.0,0.0
47.49934326457544,18.51102668498089,limoneux,5.641161353429266,1.2374563488969095,78,8.854112769864491,0,0.0,0.0
15.763482134447154,35.27934261494807,limoneux,6.216730373585428,6.573416332599834,173,4.921209455068437,1,2.339894226661751,37.15921046067424
69.19203085006956,39.94937638372,sableux,5.571106701953337,11.747490084493249,6,47.83602169446749,0,0.0,0.0
73.47065437552077,39.05769525984471,argileux,7.656643386354926,6.665945089270322,163,29.967986252108282,0,0.0,0.0
55.51494778125466,23.90142353664592,sableux,6.793397382540872,2.277783635665872,110,36.432814211830134,0,0.0,0.0
74.38704619591049,33.382979779972615,limoneux,7.135300280560282,6.986198761111077,14,15.768187163305875,0,0.0,0.0
49.44160367279517,17.174450339553733,argileux,5.509228999357626,2.453286887394562,72,19.65735647470076,0,0.0,0.0
52.045954644379464,20.260170559135464,sableux,5.380901205509261,6.23645115473381,143,11.846199694836173,0,0.0,0.0
43.47869165226947,41.37175364823919,sableux,6.453498515931755,0.888506614948176,54,4.848283548271237,1,2.9438090432426196,20.113142575770468
7.287721406968567,10.455067322875761,sableux,7.450262996371308,7.265792030572856,27,8.95158187207919,1,4.367636755349069,28.347692951283115
14.7102284293974,12.992798579906383,argileux,6.600959030080641,6.201479269537899,13,39.87570226482429,0,0.0,0.0
7.828626711806082,17.276018930110958,limoneux,4.630582710182674,8.881936425137557,159,33.87729025918879,1,3.4888926393338395,43.13662208024013
62.27693701374024,10.92862713558369,sableux,7.9742060252811555,7.568405653905421,163,27.346443799273846,0,0.0,0.0
33.2920382968694,16.350240228142905,sableux,4.758747574060527,6.5952752223690805,60,23.754493643338403,0,0.0,0.0
50.77136220482325,30.406454633939227,sableux,8.323297934883009,8.277346190977454,6,46.12171418280622,0,0.0,0.0
86.68098265334837,24.749859270737428,sableux,4.600567833109091,1.7273029628667702,58,3.6367473889334203,0,0.0,0.0
27.436300623398743,41.24350988769412,sableux,7.277801824522835,7.144315935103249,49,14.030040661895798,1,3.0471903756524155,19.349949144085283
41.93446307320668,38.61052466084543,limoneux,4.828828254847126,2.065327233873332,151,17.4968926785357,0,0.0,0.0
72.99960246887439,21.963607309425658,limoneux,8.142706317740558,11.10626649422257,162,39.12129061063939,0,0.0,0.0
25.59183489424602,19.07982017009524,sableux,6.357732944902171,0.8200092581472505,26,49.62573100809857,0,0.0,0.0
11.928191884591369,23.28923428585434,argileux,5.050095099268061,5.164496996289519,47,12.033525737857653,0,0.0,0.0
31.07763076223912,30.660322988018272,limoneux,5.863262799159386,8.349569731865339,5,43.71536670685403,1,1.8635615847866922,24.80096734486558
19.5099158528604,19.382227428800668,argileux,5.159298701387048,5.496266540019105,20,41.53113802158956,0,0.0,0.0
88.67278871083158,31.84521177471969,limoneux,5.1823276462283605,1.1051430387948282,134,11.23286988208833,0,0.0,0.0
77.73083416079753,24.329407826693416,sableux,8.292433280685769,6.640548193520488,59,19.966629009961128,0,0.0,0.0
62.00633808593811,29.321651329819307,limoneux,6.280984449139153,7.699582905928255,146,20.483643464625956,0,0.0,0.0
83.43145311689459,25.264428519736086,sableux,7.655209055621438,8.445507731886092,132,48.91103342632792,0,0.0,0.0
77.33048692092031,20.30630158396712,limoneux,7.058422244710727,4.4791177735531065,17,9.044595068944917,0,0.0,0.0
21.791305299743225,43.19586574367548,sableux,7.2057054493535695,6.763919652345146,14,39.957898555239105,1,2.9377060963879584,28.1134451710556
85.330309864098,36.72620279559163,sableux,5.026773753888154,5.408237699266957,13,16.709635708655497,0,0.0,0.0
53.540801772408564,14.90396115182584,sableux,5.436737787261943,8.06467246502704,135,36.54351728880802,0,0.0,0.0
77.66961396476563,40.396379156426946,sableux,7.647001340617748,7.002683607897822,128,21.000550214783143,0,0.0,0.0
85.64821699311439,27.060091938732977,argileux,8.383064825899131,6.309074634709619,44,28.917988155827,0,0.0,0.0
33.62031274746775,41.309327941293205,sableux,5.550702570394607,2.9942924020589836,119,41.63058866630656,0,0.0,0.0
14.904673207490909,37.99493395815603,argileux,5.586275059004159,0.024222212978807,143,40.20827824919421,1,2.387337484341871,55.03801675700313
25.51416462877475,24.882472656423168,argileux,6.391588531243619,2.088980103737151,19,43.321159176985006,0,0.0,0.0
43.43970097636307,10.78642579120411,sableux,8.435361251421751,1.4047924970900239,63,2.980866267232951,0,0.0,0.0
78.62132893302439,19.403707578473114,argileux,5.575835783305884,5.389016940131361,163,34.602527651987245,0,0.0,0.0
82.46575249307091,28.957197513130343,limoneux,6.1278876385370555,7.347097809142136,81,6.999368836088143,0,0.0,0.0
5.6256917478071635,32.171737693915155,sableux,8.065920062494026,2.557020104217698,163,20.79092840092055,1,3.9923029960203347,30.522403055772187
50.967257231980916,19.02606899016208,argileux,4.511684130485448,11.268685151606245,147,27.429420752734423,0,0.0,0.0
42.56699028339011,14.877462592548845,sableux,4.659063859954278,0.08018555068665334,148,20.136974237341537,0,0.0,0.0
24.98970294236572,39.222558287975474,sableux,6.916286708284877,9.267612181984115,100,25.980583790150373,1,2.8557737731191812,37.79362509175655
15.787883060031453,44.454076324624324,sableux,8.129520658851387,7.502457234365307,163,49.82631543993096,1,2.899439689571026,37.081041260286476
35.385365426326516,28.399156380594004,argileux,5.45542664160771,4.482657612572183,160,6.760865685642736,0,0.0,0.0
89.86187335212672,16.008775004690623,limoneux,6.3785670987228364,0.605867332948895,122,33.77280226682128,0,0.0,0.0
34.088263881867974,19.530756428177913,limoneux,6.301861206631273,7.529838861411353,176,19.800048319280762,0,0.0,0.0
51.691155956902946,10.643673679161335,argileux,6.391885384382041,4.627362154387777,44,6.650489945366439,0,0.0,0.0
68.27170630056601,42.000458229617465,sableux,6.990078782918981,11.23520567295863,104,7.936838168715477,1,2.5270816403357403,24.01143968071752
37.726664214136456,14.12128790115494,argileux,6.378975051962735,6.503880898677191,152,47.46365531228084,0,0.0,0.0
92.46038744488646,30.178076642998874,argileux,6.289872565289832,11.275818135522098,61,43.9800748355881,0,0.0,0.0
91.62025654479001,19.59193272405221,argileux,6.397153681725042,2.645804321679649,125,45.35209802075109,0,0.0,0.0
27.660406624282775,29.396230088052768,sableux,6.863469765084166,8.708710924369239,145,49.57663879136933,1,3.441109548068979,35.15946210969328
49.75236553031469,32.79971359231524,argileux,6.648029953405434,7.406988250184709,71,10.415769500425897,0,0.0,0.0
32.07904788350927,39.04096312975206,sableux,7.916543990602017,8.872898757975742,107,17.771966868203087,1,2.566756231916274,22.058784732392304
30.635644493972084,17.22474451162111,argileux,4.6979874139746665,2.5760143676704415,50,33.46095149624333,0,0.0,0.0
8.319825261907951,10.384854003046817,limoneux,7.83326828589205,7.979934194853285,65,24.19012699303236,0,0.0,0.0
59.860790058190716,14.790997052408255,argileux,7.875698450446896,5.976484716682428,99,20.919476668916676,0,0.0,0.0
50.24111209059753,41.50065246468368,argileux,5.639632086123843,8.913899698875795,32,17.890562466779652,0,0.0,0.0
9.633087612499041,40.58615271468803,limoneux,6.351407820063402,3.9245357298218133,164,29.68903159717261,1,2.9832238654433363,46.68978764116059
30.07818178129503,30.90945857596079,sableux,6.254153954149742,10.68068430558303,141,28.7796714320041,1,2.8673911060609267,24.02114929497076
86.74392973699884,31.01809011517787,sableux,5.374039337416521,1.0116157753362045,58,8.072891703212004,0,0.0,0.0
26.560570160027517,33.27628360911894,argileux,6.087187388345265,9.686271825494256,128,23.586991875921953,1,1.865665889406946,51.3917986613547
18.04053848821008,16.137994751820735,limoneux,4.677551088683417,10.33583550978109,142,27.673588810492493,1,2.5143928836794354,37.55826428002389
49.05074842498067,42.004418107373596,sableux,5.611288291126938,9.807027736401855,165,28.514346936569524,1,2.14432675247298,10.846349315854683
93.70854086995406,24.65696837122256,argileux,7.766728701802872,6.152716731141313,112,10.50535964561759,0,0.0,0.0
26.784974436035036,23.40984848873241,limoneux,5.63824920705159,5.260619760369136,68,37.11356961261434,0,0.0,0.0
65.49219926652907,28.162119684899313,sableux,7.77282667499299,11.955147438298521,40,1.2599547410534817,1,2.7165127187690508,23.52587884359564
73.54576537958458,11.643808837126926,sableux,6.626397858417723,2.7500634145699454,144,17.741592777158132,0,0.0,0.0
26.38737895931597,15.819917906462779,limoneux,8.01945070944464,6.5625115905125355,132,39.010632426781676,0,0.0,0.0
70.53947137506736,35.831176574922964,limoneux,6.799118217057661,8.048106304587908,173,28.194646052770118,0,0.0,0.0
38.10048194473279,12.897953377379427,limoneux,4.618672892258959,8.410411630337183,90,13.058121625543013,0,0.0,0.0
61.90752475342215,31.110323831323587,limoneux,7.201680830188357,2.4482959888629443,28,34.74765596715238,0,0.0,0.0
62.01767396848052,18.587218838846233,argileux,4.679414272094275,7.847929108077615,96,28.36954720780367,0,0.0,0.0
53.21972156672826,23.62534649146918,limoneux,6.3023880759325355,9.820434797776048,31,39.81218047281936,0,0.0,0.0
13.126079304896747,20.104280786974495,sableux,8.217706777892456,0.6002229218533466,3,36.75125930949117,0,0.0,0.0
80.17722460303142,22.44854507627322,sableux,5.160815757351401,10.938255519903798,136,30.505396101811733,0,0.0,0.0
33.870205847456226,35.16660668144859,argileux,6.059489411766176,0.3540486617424712,24,24.4088837655407,0,0.0,0.0
21.786665935986882,20.399260046811126,sableux,7.419441235393913,4.271652389860732,15,6.65910628337617,1,2.9655651975255775,30.01765102093172
8.669762739928753,29.824162410391402,sableux,8.02903422437939,0.18975835479554481,171,13.066650894269188,1,3.8818788812409277,41.63890125316949
58.18036488694176,26.66176407696849,limoneux,7.183772018970032,0.9257420224749824,159,20.954973645854263,0,0.0,0.0
65.98079256580542,33.228490787692685,sableux,5.532693016764677,10.934019422160949,45,29.964964350319434,0,0.0,0.0
6.4929046035070535,42.78904087636653,argileux,7.198431411664865,4.258329968953774,8,25.68539276076524,1,2.125833260477693,50.265383574649164
51.088375246935286,35.640023402358764,limoneux,5.68691056441636,5.097258365100634,71,14.409226297976474,0,0.0,0.0
25.384619767814417,17.52291325067649,limoneux,7.3737169192749406,2.5841325765906316,108,0.32321788948552754,1,2.6970498716877866,34.91434462526899
63.06555113685049,11.091409727144963,argileux,8.316132510340163,7.165149242240638,115,24.811961095040697,0,0.0,0.0
20.69297861044923,19.179241550493877,limoneux,7.385573804425153,7.137638576133476,103,14.281299428112154,0,0.0,0.0
67.18439642922193,30.82772757450892,limoneux,7.951522011649649,4.466404701902631,125,36.730415035526754,0,0.0,0.0
39.806181167048365,11.799903471948763,argileux,4.508415372703533,3.9964184616647804,57,1.1973132635241746,0,0.0,0.0
89.30569898630611,27.37281865204327,limoneux,7.370288498926378,10.619571698167054,30,29.241390565289542,0,0.0,0.0
17.376884973139394,30.889499712091123,argileux,7.818350227461002,4.5994108757064165,146,47.07371187530327,1,1.8379610051016921,40.81294646903599
35.695971594523265,21.698536178593628,argileux,4.662234950178726,5.922011905852899,114,8.720463355574976,0,0.0,0.0
15.212616911653017,36.98192713110377,sableux,7.986390909152922,3.3996571490991676,117,23.58247453752977,1,2.925051934350769,29.22084115092848
88.22242564507064,13.730938859682013,sableux,5.526776913240184,9.44123404028553,167,4.5710995908569085,0,0.0,0.0
83.9605418042883,12.629822360753307,limoneux,7.161168407912221,4.769377882789099,60,31.28409561306763,0,0.0,0.0
28.214746494364004,35.486606467126116,limoneux,7.701419516093626,6.163332558531895,98,27.52658402981128,1,2.4038485930631053,38.399135176834164
64.39856414307611,27.342196067216946,argileux,7.1506580522374215,3.040286040715937,171,20.368276210641618,0,0.0,0.0
78.54999801810942,34.094083874970764,limoneux,4.869139168293029,11.851915108095021,126,26.06885107368706,0,0.0,0.0
54.96807304395161,25.218956851131118,argileux,6.885286075441473,3.4979488910846745,173,44.82873292345051,0,0.0,0.0
52.66855205204058,18.62407116336874,argileux,6.698334626888574,9.24891037086662,151,9.814715115553351,0,0.0,0.0
26.76670618104065,38.66858111859699,limoneux,8.101285072297086,5.129947804281111,94,1.1282255852673617,1,2.3194062740070773,26.81820108114801
13.37924910253093,37.97955576391428,argileux,6.116958918576836,2.4746088610096786,134,43.083244234955046,1,1.970167834923483,57.969092335719075
85.74941821579941,34.314376479904936,sableux,5.7843243883482005,9.596625167578335,122,28.855854119395325,0,0.0,0.0
86.03762514469975,19.525079803048694,limoneux,7.499403057745865,4.0032814683485185,108,44.53292277309212,0,0.0,0.0
61.979131154594114,30.65807334041805,sableux,6.1507013043335865,10.382320168773733,4,29.84726117065863,0,0.0,0.0
35.51268119438306,22.63408639290094,limoneux,7.084384700020252,10.983086219013877,93,40.50805449798512,0,0.0,0.0
36.428861715139476,13.205372566432196,argileux,7.085800360498428,10.317886024695312,151,21.483668167757397,0,0.0,0.0
70.33601109832155,42.1059751411785,limoneux,8.05215625744047,0.4200949776816678,6,37.49299656441344,0,0.0,0.0
85.73992339573194,14.78865208216365,sableux,6.8947696092763895,9.448480140061267,32,45.6520733444928,0,0.0,0.0
84.83777818386056,43.25830738372809,argileux,6.508614439847948,4.936073597989727,106,28.606148186110314,0,0.0,0.0
75.18879912718614,25.61020205352845,limoneux,5.055485305586068,10.484675042186701,146,9.039257528118977,0,0.0,0.0
62.7828481538859,16.479652509351688,limoneux,4.962950426714821,7.655451152216865,15,13.439880751509909,0,0.0,0.0
12.572596849554394,28.966533158242534,limoneux,5.1172862611323175,10.0037176097275,168,9.93222884487029,1,2.910787176227068,43.76808298742726
19.54658426851524,40.553104255674285,sableux,5.187393925308378,5.993181238402024,122,12.342851379786646,1,3.415912951771781,25.240133863705385
85.86987696743714,35.62787102433464,sableux,7.051508370654536,6.4203060551871936,96,15.32077246755182,0,0.0,0.0
59.57861536936309,38.22964017515074,limoneux,7.463925001098314,1.7326515856040068,6,27.756689337659424,0,0.0,0.0
5.827734645496668,33.05741783487511,argileux,6.619966091705675,9.407848304272266,112,29.39958147319164,1,1.6371590345271296,53.19684440237253
14.132438857942889,34.22967975812483,argileux,7.816070930181964,5.03267534000366,120,21.324987362093058,1,1.9547478146253785,49.16876840123373
64.71515921972502,39.72184780478618,sableux,8.465052906934533,6.000961419258991,123,30.77103899104177,0,0.0,0.0
5.455542546159682,18.738380310071506,argileux,7.780050516477424,9.421172569148492,67,4.078746280568296,1,2.0473864632303926,56.45752823623392
19.472724627574877,27.129873727509917,sableux,7.279529494703837,7.186144800953268,106,4.389411852907998,1,3.1172134315296556,30.334905363431186
54.38604104299275,17.742330463686077,limoneux,6.629970797748586,2.4131847293120092,139,8.591473017882922,0,0.0,0.0
67.27056779234239,44.568380279882646,sableux,6.2954122866988325,7.082791909810712,43,25.903874902017236,0,0.0,0.0
63.67651335523405,43.04207688903146,sableux,4.837569522178169,4.891594295755869,145,10.699733934915677,0,0.0,0.0
25.18423785145038,11.379938397897707,limoneux,6.097474993578764,5.634306504526352,96,14.164220174628866,0,0.0,0.0
69.09612992127823,34.6951310380491,argileux,8.140538547128537,0.3397352928320134,132,20.015641808649704,0,0.0,0.0
26.352417874712007,42.3836911095483,sableux,7.732090519626212,2.5203521941953793,81,40.59330620051899,1,3.664022309554627,27.085605692212177
34.285972834334096,16.32013707945667,sableux,5.364205460046749,3.372456976572339,41,0.6931067956430059,0,0.0,0.0
72.18422646062217,29.878083069342033,limoneux,6.3664311387888635,8.555520094305669,133,32.46894101183112,0,0.0,0.0
63.46696091424932,42.04209041558146,argileux,7.766892810234179,0.13790967957738376,160,33.44382655203427,0,0.0,0.0
81.43010694447601,11.18810925050296,sableux,4.76953821914209,4.905327134749585,35,39.93278901783183,0,0.0,0.0
64.18516030703091,34.4097093536394,limoneux,6.049570342674637,11.088322445108794,22,46.63764695301566,0,0.0,0.0
56.147774300192445,20.407215258039276,sableux,7.9073649474957906,1.3425673985894861,150,1.0068924474644914,0,0.0,0.0
13.430729104528323,42.35386683817856,limoneux,6.1155914566804945,6.197092658623332,112,7.689185275660809,1,3.083504590393401,42.453933187004324
38.09442227534902,43.987038580787875,argileux,4.810458578925763,9.438268588690164,11,44.30856470279965,1,1.1460920840339082,33.07546173291115
28.86821309135529,43.04932711897019,argileux,6.670137474129006,11.3103756902414,3,22.925928109350767,1,1.5363724285434934,44.99737898773562
26.95906790411752,26.597497583011233,argileux,7.946969979673181,8.961319674404615,137,28.229531946673177,1,2.384722736010227,39.61978281862079
92.57094992772011,40.17149278462597,argileux,6.861142171812639,8.646786583732874,60,33.15136018615737,0,0.0,0.0
40.378795220008435,39.559228948727466,sableux,5.405116432856927,9.91785708234915,76,33.95333022478187,1,2.4750124083153615,23.68438493444376
85.2841899659402,21.168516563513947,sableux,6.036958480549526,5.354414651730524,87,46.58702016582541,0,0.0,0.0
61.80247633975366,39.01204159527371,argileux,6.300493444727729,9.670134391413997,14,49.847470870583486,0,0.0,0.0
76.53301731874836,11.29526721504224,argileux,6.817065415282107,0.09557285694541351,18,36.00787304654701,0,0.0,0.0
50.23733837946729,30.869445746871857,argileux,7.537404103010452,11.094732664521658,113,14.36106046025754,0,0.0,0.0
56.92134961637232,18.050309305069607,sableux,4.895494470562541,5.319678114206104,73,43.98762011471718,0,0.0,0.0
49.32659244369775,14.219841002204758,argileux,8.058608132070265,6.640562254388971,23,2.4610457270380803,0,0.0,0.0
22.571868901824004,12.69336205702232,argileux,4.549238812064303,3.0585869869785878,83,11.55404264372481,0,0.0,0.0
70.02069037353547,34.37010715573489,argileux,5.980209338697021,8.910369994085057,125,44.869285873185746,0,0.0,0.0
30.269512619677023,21.895623731882317,limoneux,4.60968123989063,0.9196296777029858,175,12.809575721967747,0,0.0,0.0
7.188436978830845,35.366837003506646,argileux,6.071896901381165,10.471629630562024,69,11.032552981087424,1,2.2187396546129237,55.317754059773925
63.0925066316451,12.287471927962983,limoneux,6.603250395493295,9.937401948076113,47,6.906264657012362,0,0.0,0.0
20.939961146634403,21.03516182407136,limoneux,6.546725546326047,2.5927213949371968,116,42.955587882345824,0,0.0,0.0
89.64127259176229,28.8821952331368,argileux,5.162513388113061,9.711892779423149,30,25.002912959554337,0,0.0,0.0
90.85357193023286,37.67531076936372,limoneux,7.08296204038245,9.436292796737778,25,33.74466015270774,0,0.0,0.0
87.33779511984037,21.156337602622447,argileux,4.679113802018673,7.586599173047388,156,11.953319203751484,0,0.0,0.0
38.31428302299,31.90619817529532,sableux,7.547627280529662,4.482242122796251,112,37.902021050560826,0,0.0,0.0
6.391095487598069,41.00922118826655,sableux,8.286577735974184,3.2579850501824144,25,38.00027724810492,1,4.285228738184435,23.86803964732396
88.54867063289528,31.55521158638066,sableux,5.859075308604472,2.7814030834722003,74,15.629901245415006,0,0.0,0.0
43.53657334855829,18.15358161637718,sableux,6.568957526857328,3.823307553163286,58,20.53413165051414,0,0.0,0.0
91.99893371393026,10.85402735447883,limoneux,6.015641112235258,10.842701321190365,94,10.484513871510043,0,0.0,0.0
91.72579793803276,40.45346058653254,argileux,4.52684156121624,0.9316893118653753,119,48.828051166145215,0,0.0,0.0
81.7708509920624,10.74442937976355,argileux,6.043498011580464,9.946455315035504,127,32.28012885292058,0,0.0,0.0
31.50040028626271,40.614558543946984,argileux,7.6668810370453855,4.186680900501883,169,46.727194035775774,0,0.0,0.0
39.658795574173276,28.51279969095242,sableux,6.883955368733927,6.259192752136299,25,15.169277181456659,0,0.0,0.0
81.60230043651713,42.86736944795137,sableux,4.905039658460636,9.533827603781887,78,39.094545649844484,0,0.0,0.0
33.522980464064986,37.95741325207829,argileux,7.88855795877514,10.612518564275655,99,38.2929321942371,1,0.6839210389412981,33.52060913994925
20.254347201748324,44.927693868666815,sableux,6.624341379540971,4.137377040871764,116,34.582782593327074,1,3.4491900562631126,20.971759841972016
55.11211362125152,22.274913540809855,argileux,7.866893446978704,5.542121775301323,48,48.28194876334002,0,0.0,0.0
89.25392967447029,36.85159011258944,argileux,6.820886075140118,4.974192777801507,10,19.677766805315777,0,0.0,0.0
67.64268170074757,24.067581976323474,argileux,6.738753779351759,0.15901240204692657,99,6.535866179487865,0,0.0,0.0
56.30550530804285,26.79564671063681,argileux,4.9210367407880495,3.5513146663038793,11,33.58544296220304,0,0.0,0.0
13.745884439369169,31.96269121264295,argileux,5.169438932554511,5.510270804790742,85,36.46549002386031,1,1.1977102980918726,56.85589703109604
60.350650402925275,40.57869899652186,argileux,8.388101025986364,4.933123306565277,149,28.753028672940733,0,0.0,0.0
94.10484650938369,44.44292142197533,argileux,5.413946987019083,8.663150730188153,173,10.340894656669814,0,0.0,0.0
17.60756137128716,36.889569485258136,sableux,8.409808471961473,4.617643406653238,135,25.222797083467768,1,3.1930971671108144,23.34895796600285
51.64966871273631,24.621837375856682,argileux,6.627650826097053,5.872517387648043,126,15.60948682845647,0,0.0,0.0
83.96357647351599,24.747495079697458,argileux,5.0431561882557485,5.15530310558836,64,21.373326408334453,0,0.0,0.0
71.6691755978784,35.8153805556112,sableux,4.897208811014772,8.887513786732447,2,32.260928792233194,0,0.0,0.0
67.73141668957412,18.357200101890584,sableux,5.33545628282296,10.35566878784355,76,37.26073713454173,0,0.0,0.0
68.22356755883983,13.866593959598813,sableux,8.202549320101344,6.38266894809017,121,11.611234545067155,0,0.0,0.0
37.35420360977797,22.41177551742718,argileux,6.156600897312908,9.473186330342294,42,20.266268032347668,0,0.0,0.0
31.423265983804402,20.05336470789286,limoneux,6.0817370719716575,3.561440184238207,54,13.45807854958146,0,0.0,0.0
77.84250399306623,20.370784215959652,limoneux,5.752825044280696,6.496435321887224,75,9.931580693093455,0,0.0,0.0
77.91020552112627,18.176271286746847,sableux,5.0882474022663535,4.142759444039669,16,39.16936099979192,0,0.0,0.0
83.03650867220934,11.473261637272666,limoneux,6.451404788769626,4.970411106861963,18,45.46263472184962,0,0.0,0.0
87.19164973008242,10.625587715669484,sableux,5.020191130044555,8.788966377752022,90,18.511609284228836,0,0.0,0.0
51.020815897484404,44.570283640761104,argileux,7.84192094552931,10.579949787992552,144,37.56394621868834,0,0.0,0.0
50.136466521847964,24.97205968075518,limoneux,5.981587945101226,1.457944693053185,6,44.849764468220556,0,0.0,0.0
76.84656610700976,23.451432650588856,argileux,5.999214271127185,7.615671077848566,108,42.30621052651158,0,0.0,0.0
63.49675376999886,33.78765489425744,limoneux,6.396025713932623,6.985725690933582,175,9.140669426961296,0,0.0,0.0
68.17701895319331,17.638886075277245,argileux,6.276510852663007,1.4209804701111826,48,47.81459407566807,0,0.0,0.0
76.6213402492491,43.248641438257884,limoneux,8.479431892237287,2.542731965281309,42,18.833822021473125,0,0.0,0.0
85.10048076358096,37.52207550454432,argileux,6.68152448487321,3.732029936792163,76,16.962033058691816,0,0.0,0.0
35.41956411663823,13.129385080929083,argileux,4.852806815159482,2.0031728498100176,77,3.1215663638890168,0,0.0,0.0
38.802465737594964,24.615327152472492,limoneux,6.92750936630772,2.9247537902921015,132,24.30868270524415,0,0.0,0.0
13.45837458567821,40.76914076467577,argileux,5.10633717147952,3.21120958634049,130,5.450680782046435,1,1.8043381197837207,49.15128140182663
57.045212689655656,43.06562078019936,argileux,4.6237505789253674,4.0280859964687155,59,12.426991046371299,0,0.0,0.0
8.234804641706788,26.359052893745442,argileux,8.382968614708993,8.992685433613907,155,15.847131088364069,1,2.1331605952421815,50.868423619084965
46.90382163192142,31.46939862237477,limoneux,7.594155566138255,6.862946446207209,27,40.4413161745842,0,0.0,0.0
53.838017123681894,15.846188113222633,limoneux,8.420435969655067,11.834960063416817,79,43.77443251979483,0,0.0,0.0
30.788712691545598,44.69090191479418,argileux,6.41151379208897,4.976829923609652,72,15.123315873073484,0,0.0,0.0
58.174993451210966,18.10850954842052,argileux,6.6290301245959045,9.0463808860431,7,42.93490606222869,0,0.0,0.0
7.745022494514449,42.995612094729395,limoneux,5.1733478236765205,10.457621056518406,111,42.861546868489555,1,3.148219175692656,30.726866685478043
8.361336987429297,32.7376327147329,limoneux,5.487629706670342,8.147741916456503,119,38.232547519243674,1,2.74294444046166,39.369730195444745
79.03405045936924,31.27078782076007,argileux,7.854196859611313,4.942376885009952,174,7.334755700759077,0,0.0,0.0
37.41715772701366,27.9440978855778,argileux,5.924742588470377,9.043135568949035,63,34.51614234503645,0,0.0,0.0
16.435446138669633,18.073443410121556,argileux,7.807259895185676,2.4440056532722183,124,47.25120322902844,0,0.0,0.0
52.001893404932396,16.17848112019279,sableux,7.336054897148127,3.930625982161589,12,34.12702393835785,0,0.0,0.0
74.29941977887498,17.717017317456136,limoneux,5.2086837010874625,6.560223061191465,141,16.580842455391696,0,0.0,0.0
24.423892474715885,16.52533917504891,sableux,6.529785464478969,6.90491264743378,43,25.028965871541565,0,0.0,0.0
61.060142823710024,37.28545657483637,limoneux,7.209549286074868,0.2656977056715535,17,32.28625216755268,0,0.0,0.0
12.68127184943912,22.254384070835552,limoneux,5.4401488592153004,11.341370265072104,63,25.52852043642518,1,2.9230977964882525,42.30976120754931
9.651354905174692,12.024493679718873,limoneux,7.822754042080307,8.359527254608679,120,5.997647086548491,1,3.23935313396873,35.703316141699716
52.82191684113332,43.918592054928396,limoneux,6.679310630180748,5.948445002782693,36,15.603202232601031,0,0.0,0.0
53.657160944909585,40.9325059737199,limoneux,5.160968201770412,11.1975268128997,8,40.119801527681624,0,0.0,0.0
62.36869113483859,42.471329911832456,limoneux,6.83193770465841,5.269146783009942,69,43.07090230477587,0,0.0,0.0
70.34822003503955,44.82177379262524,limoneux,8.498855216623657,11.765226843244461,90,6.865001635778512,1,2.0136474428992255,32.791682116058524
92.82668715162812,16.086333722682056,sableux,5.102085966653654,6.147417086921822,36,47.61933761993623,0,0.0,0.0
51.46703134710758,23.868470661593058,argileux,7.767027720478112,1.3714292399757535,28,16.441130892430465,0,0.0,0.0
34.06608256471213,36.538346649643195,argileux,5.329236012750232,9.177611669511327,118,33.115686936536,1,1.9569942309685864,33.591170144532626
76.56675752918333,34.360721631882726,sableux,7.629553317840349,8.146772700934086,93,37.591257297834055,0,0.0,0.0
29.37490261358668,15.386356721894927,sableux,7.438311692485653,9.275840655667041,175,40.59731173189417,1,3.217337581305755,19.780686037188172
44.507427863507246,38.55415937467163,sableux,5.701957542401729,11.417304344708173,76,47.287485111296505,1,1.882413138706093,28.2238718789085
12.061074320803936,17.855420014283123,sableux,5.8032924702578,9.317871631812217,101,15.64597740144113,1,3.8983319119055793,41.892563448992114
7.281566907391176,17.833616518791807,limoneux,7.670085567851677,7.3360392265997625,158,42.92532272757772,0,0.0,0.0
91.63835732101326,28.794104801269476,argileux,6.345782047549251,10.28770682833009,151,6.584345171810352,0,0.0,0.0
80.23821084609853,30.75289771945961,limoneux,7.423272114847235,8.078957272254378,144,35.25204531767964,0,0.0,0.0
67.63767854843282,30.30301727432339,argileux,5.091936589463339,4.897428681911077,14,37.098886475699295,0,0.0,0.0
41.80576499728429,13.202039308921421,argileux,7.910231127606214,10.62743717090128,71,33.88616206006602,0,0.0,0.0
20.596488806376122,40.71113019206331,sableux,7.3435388667292765,2.6628055294124744,124,12.61573680675765,1,2.7079791333090752,31.39951069764376
19.079333840397744,19.296001490604713,limoneux,8.127771235339335,8.57569529890469,125,43.65215735076017,1,2.960645352163156,38.09852804178633
27.52186083481358,14.533022244898145,sableux,5.02948951613989,10.578761459289083,37,8.44292316851975,1,3.202974451677315,28.842780404121747
54.43039982355084,41.1061827954142,limoneux,6.87205800144239,8.775798236439556,29,2.681739576041542,1,1.5287355628622263,36.77786467855174
69.31363304300561,43.44780243804137,argileux,6.896482340161301,8.367305028646284,143,35.87324953059561,0,0.0,0.0
64.41776390459582,40.17446660429077,sableux,5.91384296218713,9.031659528862033,175,23.773785761636685,0,0.0,0.0
30.194050725134854,38.333062615370736,sableux,6.333865698277031,5.580662979607732,174,42.454900997933805,0,0.0,0.0
90.93787525968747,32.93346932236576,argileux,4.651926253159414,10.490048185884312,19,19.16985705291295,0,0.0,0.0
71.41072250261917,29.280007971319876,argileux,7.483440154508048,2.4412377016330944,106,8.413929425385641,0,0.0,0.0
54.891864726026064,13.044536596899356,argileux,6.6972899176126965,1.5286369920040714,21,41.82210962349349,0,0.0,0.0
60.0548671610917,24.295862457474456,sableux,4.7309642074766955,3.4261053614221386,64,27.445481582003584,0,0.0,0.0
42.764005618501095,23.04409809543099,limoneux,7.223023571841942,6.3789287612999175,165,9.459789619517744,0,0.0,0.0
27.295789055104173,19.091382431611418,sableux,6.367128308924752,6.126741544912058,27,36.01919992932229,0,0.0,0.0
37.03754107861354,35.319703979100474,limoneux,4.6378450377,9.84718509211904,55,25.555681924475028,1,1.8167427080584804,32.522416281915085
73.20614994179321,27.355650727756977,sableux,8.378430907392381,4.854823876848209,29,30.215649112015992,0,0.0,0.0
6.295413976678028,12.836617556767678,sableux,8.296448572357761,5.812133115498104,148,23.044916910329093,0,0.0,0.0
15.446537645622461,17.706412068243395,argileux,6.55160966458879,0.16041219911274762,25,41.43544919090032,0,0.0,0.0
9.140237781957747,33.91405672808585,limoneux,4.874689682823641,4.916870837315269,70,41.47813578415249,1,2.531089708028624,39.1027016774611
8.665592208707313,12.664580082160507,sableux,7.518484886394367,7.773290795404105,63,35.46944109121931,0,0.0,0.0
81.99145256099065,39.7922419917069,sableux,6.467724400422917,0.18609996751910618,164,5.270068869823113,0,0.0,0.0
68.32920734420213,27.330128445489102,argileux,5.70978991315752,3.370583582234925,130,41.942693095203445,0,0.0,0.0
47.67564461785927,26.82053020643268,argileux,6.465672710114227,2.4954763114726792,150,33.55064902664549,0,0.0,0.0
13.805074458590132,30.734272463083116,limoneux,6.589776581621858,0.5038251469150588,16,34.85120830021498,1,3.4305262197666706,43.263488555210785
49.24542876051491,38.86383380738022,sableux,6.750846796089357,5.75112107897445,146,18.149142020193583,0,0.0,0.0
47.61245937025091,22.173322276576755,limoneux,6.264894854621306,2.180679518737878,100,43.963977807850334,0,0.0,0.0
20.58816829190137,33.73056533956722,sableux,6.923021212556227,8.916978475576562,30,36.26858001174288,1,3.5559826428127637,28.408846704707408
44.04664843141757,29.800618739852688,limoneux,8.17493884242551,10.175134605160181,45,5.629523326459723,1,1.4474306681126428,34.4603379986586
40.86542609576361,19.345989455929747,argileux,5.949072348394365,6.5470221920297735,19,20.388901720308134,0,0.0,0.0
60.42650882469948,40.752049522430525,sableux,7.402865852879796,11.7804881102537,34,44.319018098007085,0,0.0,0.0
62.15842857808794,37.90991075624248,limoneux,8.07781022729693,5.4057428576471445,141,2.3598350848689496,1,1.8230323046733177,33.493444067585216
9.077360879484006,33.04581421304489,argileux,6.323917103039747,6.160418522698986,171,48.07083098210248,1,2.1075632602620242,46.28440886028565
38.71513531638241,39.77036051829847,argileux,6.2738233455276164,11.870613047493002,62,33.95812841597814,1,1.4492884296111705,46.981115710763994
61.32739241428128,40.35529703359308,limoneux,6.908467941419119,2.778581231580586,118,31.56879888216883,0,0.0,0.0
50.28226327220789,34.79270418502622,sableux,6.865627037689952,11.310551276122863,100,13.52796282439957,0,0.0,0.0
82.08408570694901,39.29546649272852,sableux,7.7263573693051075,0.514050661429359,22,12.439589436958853,0,0.0,0.0
64.28242684570506,34.411501158424926,argileux,6.405933535113171,5.356642683158338,111,47.102910974429776,0,0.0,0.0
19.664098437328672,33.804927011610516,sableux,8.484491798557764,0.8400421455967892,164,14.913622711706138,1,3.267895937554338,28.51241123497268
11.351187266038686,31.65139823753145,sableux,4.737886275469123,8.750816914963716,73,38.77526483594997,1,4.222603020587069,37.05334232601555
62.81773503856841,36.34508238451744,sableux,4.5126713943228065,7.300907230560213,147,19.65608991035396,0,0.0,0.0
7.386017948745963,15.551178685257579,argileux,7.060793246238495,8.479611161611157,38,6.962703539235199,1,2.162860269078838,48.54187413920449
57.7198023146117,40.83047657196249,limoneux,5.693739649447506,4.493764799616203,70,0.5357648847679475,1,2.0701544077368794,35.177217082084724
89.62072172824618,40.51452347108312,sableux,5.461529554797935,4.433783208376564,116,27.21286685076254,0,0.0,0.0
56.792676008829105,11.02365490620957,argileux,5.747596320017122,0.5438313475307353,79,48.78894092744663,0,0.0,0.0
39.935293358586975,38.90358626976669,argileux,5.524190260419817,4.199339274355678,148,18.456809690460226,0,0.0,0.0
62.89593965981179,14.510445361570582,limoneux,4.623160198641791,11.151460827144714,9,17.859616699652243,0,0.0,0.0
46.2427601442365,21.729159899069966,sableux,8.386132169562355,4.550718446165387,32,17.204580892472105,0,0.0,0.0
54.105511038434145,36.02278897020627,sableux,5.382981953811127,9.97641247466364,132,26.027191865242923,0,0.0,0.0
89.73183278988726,15.626596361690787,limoneux,7.436119050357226,10.107906056999209,50,22.033244171214676,0,0.0,0.0
39.74923740206968,38.628845844167174,limoneux,7.550385578776702,4.478893876550806,82,43.99573133635072,0,0.0,0.0
91.50715074415228,39.12469622852097,argileux,8.217029592028917,7.583864164754269,5,25.276039586174516,0,0.0,0.0
86.48155777604573,27.761370681629266,argileux,4.62219782837352,1.1444592272767036,148,25.38789190942844,0,0.0,0.0
22.62120213103668,10.223505510089176,limoneux,7.988193353788031,1.244142968811318,87,6.91857973602783,1,2.1491813543699925,43.122479106234735
11.242517078764891,20.046334661121946,sableux,6.608904723359201,0.5838919639405598,126,49.136977045519295,0,0.0,0.0
14.070020123968398,31.592442143150976,argileux,7.030176439863311,6.972181120501314,75,12.498644543441484,1,2.072488192756462,49.561152442307296
6.639964308639476,44.34151623095982,argileux,7.077881108484135,5.112851731513164,165,3.668203372980133,1,2.399289623076073,52.566028821308656
13.499866468033556,32.113473445583395,sableux,7.779191219938911,6.576388279970882,22,33.15731244876044,1,4.127854466245832,34.54120683870731
66.47060960747211,19.093125337245592,argileux,5.833629288636442,6.252878286100654,68,29.768318507843635,0,0.0,0.0
11.40697836142061,32.190199608486395,sableux,7.432204759439974,4.202435893088763,44,20.757282699637287,1,3.8820521569410293,38.467801021671455
33.70780672643852,28.89948829005494,sableux,6.614312438888788,8.129680977881675,34,21.1096116940339,0,0.0,0.0
81.03877798725091,37.294588830290024,sableux,7.673576057221391,9.102022570996688,77,39.253196052321556,0,0.0,0.0
7.094474216224328,13.744322358943544,limoneux,8.462184131080534,0.17553910653210858,42,9.785632004982453,1,3.087269117277002,35.022341097741304
78.30216343300422,36.63597658757098,limoneux,5.302604069615045,2.4869075972265398,137,41.012665947244486,0,0.0,0.0
30.366929729605992,28.94433025366386,limoneux,8.478594566239991,8.558830417000042,106,32.437355694750906,0,0.0,0.0
15.634834485949064,43.70472013506481,sableux,4.859248617131096,4.639442071606011,95,20.94848868897622,1,2.7836268779716824,33.447049923954076
67.70634488277355,21.965525811354013,sableux,4.5092701916192555,7.949807363299298,135,22.90143082919343,0,0.0,0.0
61.60485621018956,32.14176625968818,limoneux,4.676647744711325,4.163551916814701,68,12.83236035930479,0,0.0,0.0
83.97248121743476,42.620983692850615,argileux,5.867129618947047,4.689061827955645,147,37.60571663484874,0,0.0,0.0
71.15639394234972,13.587840479673774,sableux,7.031625322713737,1.904146484276219,159,25.643737115263388,0,0.0,0.0
77.31328373463637,42.80299705327579,argileux,4.7761181635513985,3.0987722359939203,128,16.04272713749218,0,0.0,0.0
30.383111531417583,34.07600028052847,argileux,4.5226632581182695,7.264941090091047,163,29.80250578804751,0,0.0,0.0
20.969558940175055,12.374297068681017,sableux,8.24836411383518,5.197957335781997,85,49.78672260256615,0,0.0,0.0
72.55532764767725,20.533724843138568,sableux,7.787706543759718,9.291632195335142,159,21.763113982827694,0,0.0,0.0
77.61512653405376,34.786023102584856,argileux,7.736732684556124,10.231019459260112,83,46.03457003893098,0,0.0,0.0
94.1454627800606,12.35727105140701,argileux,8.037697102007908,6.499757018601118,95,17.250841996228306,0,0.0,0.0
42.135590922028385,30.375966106169564,limoneux,7.300137091088418,9.099207504672709,32,2.7366353462492943,1,1.9603590233295358,27.381343486142892
38.481627721350485,22.105906993353486,limoneux,4.917616518992325,3.68285415833484,66,10.212105318421443,0,0.0,0.0
74.87716646677971,31.7320431218617,sableux,6.096400752294892,4.979654584800938,116,20.93475716638421,0,0.0,0.0
35.672318622771606,11.600971183437949,limoneux,7.392597945858518,8.553332114601972,138,10.981746429728451,0,0.0,0.0
88.76815930432082,40.503788215333174,limoneux,5.621337843166083,4.634543913804368,130,0.011351910912776875,1,1.5924277954227577,24.60131839362076
82.25714766587106,44.07211392120889,limoneux,7.24962545654495,7.062059221907866,60,45.75007688737636,0,0.0,0.0
43.609462463751655,43.9107249349992,limoneux,4.597993793070609,2.224473348990138,17,42.19397056154645,0,0.0,0.0
72.57839610123476,36.237814111002365,argileux,5.724549363518372,7.1972557796459755,96,37.11461157434736,0,0.0,0.0
72.90885866762142,14.553018404572118,sableux,6.696521345108691,10.338164486722723,144,8.390729782301431,0,0.0,0.0
14.281148195233936,36.539211857515795,limoneux,7.028359318024969,10.423675677881107,16,6.018178810499303,1,2.393460408011416,44.49359640649234
86.229761601161,10.860542076058053,argileux,6.808162657847643,8.692132875954476,46,3.3802374736191574,0,0.0,0.0
50.472713520307146,10.774324303514904,argileux,7.291025104293718,8.949040548913512,167,36.20145943864606,0,0.0,0.0
79.38117194969675,21.326357670233943,argileux,4.524354992959356,6.695129341808409,159,46.44039803439426,0,0.0,0.0
33.804464092755055,27.102511664163302,limoneux,4.9037647999100855,7.016017081989897,107,21.526791045651848,0,0.0,0.0
85.59709056465805,36.96425962327277,limoneux,7.97577700911658,1.603806976926216,88,5.957033599802408,0,0.0,0.0
40.02815108607468,33.91533818122768,sableux,7.226994576360645,5.326310261055614,129,25.61964103660533,0,0.0,0.0
5.975388633226853,25.60659472318619,limoneux,4.951726570744045,5.409315406636366,139,17.441595372931506,1,2.8204687258256858,40.167060545073426
86.48437787773373,19.576933319858306,limoneux,7.868297749594317,11.501974028012881,119,18.741246217499885,0,0.0,0.0
13.21580091075202,44.89935750551989,argileux,5.468924871298268,5.173042351479474,85,31.066531207785363,1,2.079562972449614,55.81985315426369
33.73822738313734,24.916345578259055,sableux,6.413039536780894,6.592111738833092,4,35.93590566311012,0,0.0,0.0
90.50557703457244,25.79854585153864,limoneux,5.080786051538642,6.399016791349229,71,5.530179943658043,0,0.0,0.0
90.55464322438004,15.726833741708422,limoneux,7.340440225686827,7.641140604531926,154,1.7795115403238193,0,0.0,0.0
56.60940993109575,37.81833420624753,argileux,7.167417684057071,8.97879397598275,111,49.71651513428574,0,0.0,0.0
61.865349095281935,34.27887790235211,argileux,5.344449884664545,2.7005025140504655,50,11.636417445777592,0,0.0,0.0
45.36009697804878,17.72693644760661,limoneux,7.953603067428007,6.3446930291812285,140,2.6915262454229536,0,0.0,0.0
31.38896945282581,12.883336596554495,sableux,6.105224096878849,9.911012487792366,95,9.493766454795999,0,0.0,0.0
34.57980908329243,33.81747557261496,sableux,5.670060364282968,5.557376566050138,92,1.947892317423211,1,3.2279593796629835,16.440582902183934
65.52666104693346,32.90789249983973,argileux,5.109318357858141,3.341490556482876,65,19.590544730858582,0,0.0,0.0
72.7137076493912,19.564083444937324,argileux,5.56467205006215,7.856508904275589,47,40.120089222566214,0,0.0,0.0
76.24211393532637,43.28022467876436,limoneux,4.588107684895268,9.885208749589475,106,17.062222487886032,0,0.0,0.0
76.06563285150985,15.287026212331508,argileux,6.833029969824462,0.7576835151286958,130,22.209170343918327,0,0.0,0.0
13.208549274382133,25.131718036491066,limoneux,7.868922985375791,9.321485800886725,106,33.77933867837194,1,3.3478143129901565,49.86550780507536
49.49782742323233,43.02655720586596,sableux,6.695921797766568,9.859775195541253,24,25.444703503494008,1,2.36627217818699,25.016179772930155
10.180288401497986,24.69045609241428,sableux,5.377095847695503,5.538275131063282,4,43.07228430106621,0,0.0,0.0
54.4575994091362,32.348408168243,limoneux,4.634676712855491,11.799667881821609,108,43.301783752287825,0,0.0,0.0
44.73774512360393,23.915803928697798,argileux,5.358512293035211,9.44050008848771,19,0.49553477455768213,1,1.2627100251987153,36.92844290209369
84.89337644824698,19.59753208220345,sableux,6.164485712284369,9.28395077874799,154,38.90231532415996,0,0.0,0.0
36.58235112968708,44.43921767859399,argileux,7.538445714799186,8.974062892944861,40,23.036680012083693,1,1.852739304021365,39.02803116315656
15.536031478484528,24.326690221026507,sableux,5.251371410151096,1.807297238619288,50,49.442027065183154,0,0.0,0.0
17.869251384755227,41.29347212876971,limoneux,7.379165813418744,2.6067706374361297,171,24.161603793771757,1,2.5525825119700327,33.84845340022679
73.5359568545725,18.048411206188014,limoneux,7.967733873407535,5.5678815775731,75,49.344797269414876,0,0.0,0.0
60.6396256984635,17.458664640877917,limoneux,6.315787392433428,3.1680521995135904,12,37.72846806028683,0,0.0,0.0
14.101040851051122,11.089692900957898,sableux,7.785727966570374,4.982891668008485,27,12.430244230665316,0,0.0,0.0
12.569612550349769,32.80833888815597,argileux,6.718629392140382,10.66156931907505,113,26.919748964347885,1,1.654783000522699,52.95765894729796
68.08722183132079,22.898422030331638,argileux,7.04836334832362,9.89192270255123,49,49.60678197392914,0,0.0,0.0
11.548670572777418,40.252538744387294,argileux,6.605113841352811,7.560478541759787,144,42.87653038759618,1,2.4619824464591744,46.36416071705176
78.96740533613206,26.5623467342045,sableux,6.352690867005367,10.297444731013243,130,4.868344689561055,1,2.2834731895469917,24.63133868117034
68.56180044408467,43.88676997701526,sableux,5.438613767103398,9.40526866820699,60,35.3185998404998,0,0.0,0.0
12.321390257770979,16.49339304960924,sableux,5.712776237844184,5.147819182090686,30,17.27897929354065,0,0.0,0.0
12.635394267667273,40.401810878446376,sableux,5.659880475774436,2.4127818245993415,84,0.34911309401740587,1,3.6046035645458216,32.03738276442394
93.7975620651058,37.18088984771096,sableux,6.753155723815259,6.17041248011207,166,20.17404845134998,0,0.0,0.0
38.68437161805083,36.98226456254182,argileux,4.97981477209556,8.8347465903426,28,11.737721086248564,1,1.2729204254815467,29.171912979049253
38.357793236020186,39.567412984091064,sableux,8.167166762809341,5.237035184755117,25,40.94346352602358,0,0.0,0.0
78.15196105317523,36.63583968300496,sableux,7.3826205811324535,8.001262917406766,96,16.866530442288273,0,0.0,0.0
90.25237196454728,31.917711257099537,argileux,6.105782523652774,1.1319291154925235,125,41.37618469769085,0,0.0,0.0
93.74009574405838,14.593570718883566,sableux,5.134496578105512,8.976056836456841,10,0.029896941739765426,0,0.0,0.0
72.80403667330475,11.138416282193816,argileux,8.027968678886543,9.752563438716745,42,15.390957501305957,0,0.0,0.0
38.86336269778242,42.22967467354904,argileux,7.79511236040466,8.482054269366493,40,12.058260715388098,1,1.1077634461350894,39.51713958393654
12.51506450288019,31.58276100822583,limoneux,7.386886210868717,11.607163050316387,77,11.67836805343055,1,2.607789065330711,37.01063932752581
74.94322243346932,37.87880518416617,limoneux,5.58618818964497,9.919824689527685,105,3.409330988273135,1,1.8109925061398318,33.659777512549226
55.256382476222456,26.853282302939252,limoneux,6.109786549734675,10.83712473451846,118,9.356213520525086,0,0.0,0.0
43.17998083222786,14.105786613683808,limoneux,4.910993009809694,11.202853001491777,42,27.777478494280995,0,0.0,0.0
86.57189465852623,14.381502727089266,sableux,5.256158098910127,9.616175902485702,47,14.568053641887225,0,0.0,0.0
15.007773407553621,33.994785053014,limoneux,7.6320665492669315,8.091106104077989,165,20.869739116457396,1,2.3409234576009332,33.67709460942191
49.336259386177325,25.060706321481195,argileux,7.360154875402735,0.06862297632947145,22,18.843344017359424,0,0.0,0.0
6.021828029067716,17.018365434511786,sableux,6.873943051903739,5.589909038677496,107,43.795246249994726,0,0.0,0.0
47.17945777947136,27.20580913595029,limoneux,8.082906903704691,6.853947583468332,27,45.264949950525775,0,0.0,0.0
10.067294811365361,12.247312797629693,argileux,6.833066071252182,3.6483632693759955,41,24.647848582793003,0,0.0,0.0
15.693612464126472,30.36899906700396,sableux,6.367871999854443,3.8172533628416647,80,16.50779751578022,1,3.1333076392546824,20.071462835701738
15.577362209939439,19.41476915522842,sableux,5.86148298522305,11.533912988521982,162,5.340035200118182,1,3.26841169613251,30.717175157018218
63.42892719044572,37.914568522301586,limoneux,8.26179402294469,10.700530382432952,160,47.67014396910475,0,0.0,0.0
72.1440391338881,20.862668562325084,sableux,4.830861846097414,10.19014806602045,89,3.0113472450148726,0,0.0,0.0
57.503188858744366,25.93270521786304,argileux,8.223549488243233,4.872141620473327,66,14.882513878414022,0,0.0,0.0
91.59552936270877,10.406718896783522,sableux,7.806858639724073,0.16438260490697454,12,14.903310058500207,0,0.0,0.0
38.73835215713336,12.535641072809561,argileux,5.019719698142805,0.9626669574685689,168,16.020064307010745,0,0.0,0.0
30.714087765367466,23.73727447423397,sableux,6.759937430701014,3.746356418611244,73,8.214342163620463,0,0.0,0.0
83.17392153705143,26.797859215099322,limoneux,7.9661919269963475,0.1889149559481238,76,39.15807154618486,0,0.0,0.0
25.123625466750738,31.00071918417563,argileux,6.7872366544286145,0.20579738298237737,90,6.124893098299461,1,1.5572074577712836,48.22962255898208
91.69002854965501,20.208190254825613,sableux,8.12879928624249,10.999239619708932,10,31.74533295765814,0,0.0,0.0
6.09390272208347,34.32436601442899,sableux,8.271935267264169,8.473902025428648,96,6.192301335290873,1,3.5617511703140887,41.63954496626785
92.28909440368751,40.10428390162216,sableux,6.1895380887372236,3.707471880817832,176,3.526781879647828,1,2.6463480996785753,22.317237050609133
8.884392075551851,37.29478461126725,argileux,6.009254645625294,1.591734931211438,20,45.47147518429382,1,2.094037909389506,53.46367617094529
85.2028802328264,11.3866588871925,argileux,8.245284615876628,6.139628614740925,39,9.506438315935284,0,0.0,0.0
52.49309981776699,26.81774315402401,argileux,7.200560244598672,0.06415393025237348,60,41.06250772798521,0,0.0,0.0
94.36683165073703,13.67255624463612,limoneux,4.964090725392677,11.260964926297728,66,27.23154355535679,0,0.0,0.0
11.641690826185897,18.471575555188462,limoneux,4.669166996890725,4.977781432667367,65,3.89282598043848,1,3.366084868925315,39.616604362644935
54.846885596118874,44.533190764350124,argileux,6.7585162039890525,4.828019462847993,179,47.772409571903374,0,0.0,0.0
92.2372282057189,14.987344001552962,sableux,8.220683861753699,4.687123290981386,124,12.348058349594627,0,0.0,0.0
52.078805975313394,27.461085370797463,limoneux,7.876994809623273,0.8319399646531771,164,42.98226726763033,0,0.0,0.0
61.64587743217363,31.635450701134168,argileux,7.203390985857346,7.659866877501919,152,8.44050028922821,0,0.0,0.0
67.61738200861555,34.58627396904364,sableux,5.05646339556435,8.796043435540241,155,42.69714410709264,0,0.0,0.0
45.90869582909959,29.587703922041992,limoneux,5.516925534994782,8.113504771059484,130,0.6614406452646993,1,1.7712442282560206,35.1815144603624
61.48022720756571,10.341979659671429,sableux,8.002044906210465,1.6612259199527317,159,25.589022828474032,0,0.0,0.0
57.58828807307902,21.426145788539714,sableux,5.231228946627602,6.946082016427111,57,38.472128971077844,0,0.0,0.0
86.10422094418901,28.1199075184649,sableux,5.613757633001738,6.833813810067046,78,46.739775874639164,0,0.0,0.0
9.090174230731208,13.075327470069167,sableux,5.018402604781768,10.420929455296584,29,45.460106810324355,1,3.7213395194448426,40.50266538665796
30.28668706330073,22.271942592321327,limoneux,7.2044329256576445,4.549531900507764,15,40.98124347738224,0,0.0,0.0
90.53703356689029,11.16210880769783,limoneux,8.275929221452838,4.457831323913211,12,44.4095674830652,0,0.0,0.0
85.12374055018248,12.750247400425726,limoneux,5.575872126381544,7.422324704618227,101,9.960984291853825,0,0.0,0.0
46.009107750714165,23.892314667055864,argileux,6.401626431400295,7.596871841994156,156,14.209214785586438,0,0.0,0.0
60.811933802138306,14.645051391507113,limoneux,7.037358958844817,5.631422727909484,84,14.448426246052925,0,0.0,0.0
29.964306468301942,29.863929689154535,sableux,8.497864992862523,5.316712347965053,125,18.85269655008494,1,3.629830794902613,26.791024865291828
21.930904375138518,34.1312739198043,limoneux,4.919232259990288,5.929772047654592,103,19.666033519259436,1,2.6044086979725916,30.23153859330071
46.7328564445984,38.0205344688179,sableux,6.494283198022837,10.332543594039743,24,27.227766232733774,1,2.826419989420343,24.997119929933834
36.80170052234475,17.005258548568353,argileux,6.04048047961,5.53400281504692,149,7.993988168322069,0,0.0,0.0
57.529050066578485,15.861890379067441,sableux,7.963280660889421,11.279181503637869,138,34.562333189299466,0,0.0,0.0
11.996117326848635,13.65987441170401,sableux,6.403870924046624,6.048045163155912,110,8.378326965225325,1,4.041911484648065,32.772139639823024
92.69553268995499,32.27505873402728,sableux,4.943910098340592,11.390408318170696,78,15.515424105227376,0,0.0,0.0
93.75896700316426,34.72665042704154,argileux,7.037696581146335,9.993982822428908,101,25.167256530307704,0,0.0,0.0
67.83455426177707,11.105515068897471,limoneux,7.58312247305552,4.349175871389949,146,39.822028076173865,0,0.0,0.0
53.24867297097084,42.767428618529145,limoneux,4.511525006662458,10.363697055559392,142,36.97346166193636,0,0.0,0.0
32.8574854657695,11.818994927801533,argileux,7.935826741682519,1.3207594104133826,162,32.276717820526116,0,0.0,0.0
78.24155177362537,28.945371735537467,sableux,5.244092000022663,11.100566104116174,128,7.788663029008508,0,0.0,0.0
66.62580552984913,34.817118180782074,limoneux,6.708277458613511,7.5797221809946995,58,27.352267280778886,0,0.0,0.0
19.63552454104022,40.483919331113,argileux,6.1631900027498006,0.6526889822677342,76,4.3723250899942725,1,1.181674975329848,45.71626032374752
86.98344660444582,34.993042624634974,limoneux,7.378615266442122,7.731080683809738,150,18.86815883983254,0,0.0,0.0
79.0283518630852,38.06048290744272,argileux,5.984646459142967,11.690971849737073,36,20.67582651449796,0,0.0,0.0
90.48199219627317,21.880756738998212,sableux,7.9790527067268435,0.837607855375547,173,1.9905719722876913,0,0.0,0.0
70.3147557549524,38.518878981127926,limoneux,7.421985443835161,6.656252517361036,164,13.699404973498591,0,0.0,0.0
60.207367634221086,12.80401962346363,argileux,7.090852684251686,8.973532197112469,22,47.78247336332447,0,0.0,0.0
42.6418732661557,41.31858296211847,limoneux,7.684962382251417,9.723103040394376,127,47.681630391484475,1,1.3809790542561635,28.413247538787324
88.94556350186119,29.165733165380768,limoneux,7.516092139713529,4.96592958384955,80,17.616352712626966,0,0.0,0.0
82.94575005503675,38.60542194868728,limoneux,4.643754699686213,2.449998710018916,100,2.155005447416203,1,2.2823545599259907,30.95948867936518
9.069680309557047,25.831139958140504,limoneux,6.078937415379313,0.508107345268606,96,8.954746966409077,1,3.584502793436944,50.12554576290887
7.373027704752681,32.525219331878375,argileux,8.22322918926596,6.956713885166697,161,19.610889671677008,1,1.9038304835023268,54.13656689925719
38.881703019024464,28.42409313276396,sableux,5.002897075968905,5.43493284321133,173,47.38898489846149,0,0.0,0.0
77.94979977036496,35.605633261436616,argileux,7.448386201728205,11.384932741796533,164,7.059953176859246,1,1.3857887892366691,28.089116183269365
93.854851638345,12.857049371070636,argileux,8.39836724534132,0.7272588925789174,148,38.175792183410614,0,0.0,0.0
18.537520199317537,12.112322939669733,argileux,4.7087945161798865,8.22474412135207,18,5.434126968734604,1,1.397880325054694,40.396195465100696
58.47176438169216,18.648613190355125,sableux,7.228775522506442,0.299594665440686,38,49.06287886956384,0,0.0,0.0
39.28017709679194,15.584063803961591,limoneux,6.372616565204122,2.0572101205265128,151,19.080824955456748,0,0.0,0.0
92.29229580331429,40.512424830727056,limoneux,6.816701021498888,5.4429479990740095,109,38.7617269449528,0,0.0,0.0
80.79070308221378,17.672489557531552,limoneux,4.8413653459373,5.458469313634419,123,17.129554140556593,0,0.0,0.0
80.44958342400241,44.155283953669596,sableux,4.672027807467758,8.228406515203726,144,31.383443857940435,0,0.0,0.0
47.18238438154732,21.79135271198874,limoneux,7.167466642203687,10.92255641841308,149,9.600804237001837,0,0.0,0.0
42.33375521038987,16.374127049104473,sableux,7.793237719282871,7.66838590697905,104,7.301050964848127,0,0.0,0.0
29.60663647376356,37.63944774998677,limoneux,7.628061339731869,11.442421174218106,140,46.903206978406565,1,1.789133849143219,36.23746734125822
10.073794698583441,33.054772142530666,limoneux,6.6752229114649495,10.579387678535971,144,45.88236389522167,1,2.925278446604088,36.63553049344213
82.82501386295479,27.436850075859866,argileux,4.899467284544713,7.013997546369483,81,44.37344701064412,0,0.0,0.0
78.16109082170698,29.437724282817094,sableux,7.252177775344055,10.005503411025927,87,31.271672508329672,0,0.0,0.0
94.97459059575175,35.17206223952924,argileux,5.467555534216584,7.710931323883608,142,40.413410560813915,0,0.0,0.0
94.69731533665149,17.995915946595456,argileux,8.144274811069534,0.9426939710847257,61,3.4518468455687454,0,0.0,0.0
54.988853504236474,44.871687061985966,argileux,7.85306143818282,8.886776679114119,46,16.73945209453396,0,0.0,0.0
74.20886736624594,44.11776067513741,sableux,7.337531868349563,1.1389012952081545,32,15.68515623785781,0,0.0,0.0
90.02891568941853,32.76139902214279,sableux,8.29538382332452,7.128993366836549,15,31.78226609763066,0,0.0,0.0
81.46826516096704,16.98398578252008,limoneux,4.625687286045092,8.431682470298746,44,17.797888673532025,0,0.0,0.0
27.26132915688779,33.807988485095194,argileux,7.4448017002430475,0.7983312985302629,145,7.42533908218404,1,1.8012638595831996,46.77936372345479
45.54897217790842,12.526944314271155,limoneux,5.820971117345621,2.769535847118381,169,29.823353770677187,0,0.0,0.0
16.62434736363455,11.072837577203213,argileux,8.12426354274546,10.988066787139799,54,40.719196033454075,1,1.7481103436594667,41.579659123955146
90.86459245328501,19.01890109789248,sableux,5.56670078664791,7.395773906794757,44,19.10617472299866,0,0.0,0.0
59.5557171005792,26.191803485876072,sableux,7.399425997260068,2.955432225726379,98,6.613435754924085,0,0.0,0.0
25.577852495311646,40.38953768929332,sableux,8.010588078603126,8.28815725377608,5,9.834409865641152,1,3.2974326455255567,32.201101802383455
65.4530615965271,35.45091744182078,argileux,4.66662727353073,7.161317039540275,109,11.8741652584692,0,0.0,0.0
60.631541641210625,35.99472824199934,sableux,6.090590318368145,6.01890839901538,27,14.994879649726812,0,0.0,0.0
37.23464462295564,24.892266705682637,argileux,7.549236128087754,11.714243699857004,116,32.139753525315456,0,0.0,0.0
15.220183297966612,22.107724739143702,limoneux,6.319675558030348,8.201445328890106,87,30.04727422688595,1,2.4922210709159063,31.876938747826195
65.44158760335196,22.986356704461095,argileux,5.569010519174381,4.505293316014952,104,34.80399307835196,0,0.0,0.0
51.827693081341394,44.56773473076203,limoneux,5.37922139529276,9.600881184922416,123,18.125099226575657,0,0.0,0.0
74.50865525620753,11.403821699436886,argileux,5.026073067665512,10.614999515054253,79,41.199882593998915,0,0.0,0.0
51.814715100079404,40.3461023642857,limoneux,7.928518239425129,1.502646714201977,43,10.204383057788014,0,0.0,0.0
81.69633502866861,30.253639300033768,sableux,6.801421613006224,2.406635734143198,97,23.452037375907697,0,0.0,0.0
54.6716154897037,25.351539671635667,limoneux,4.805539779965824,2.5947241095333564,31,40.046936077071514,0,0.0,0.0
55.484417438184764,35.38401811452978,sableux,6.030321294282542,8.294541712638484,99,9.007932386630962,1,2.6829802296533543,29.977403254127395
83.89882423925106,27.0334129498646,sableux,5.97093460322044,7.2364746606394,17,5.493155687039147,0,0.0,0.0
41.31345795911573,40.56981333285812,limoneux,5.226956762837852,7.427898776383058,83,44.18419838439949,0,0.0,0.0
17.061370560557666,41.52456524039405,argileux,6.242030501888763,11.289279596274012,110,17.146483137959795,1,1.501011282416481,53.68969669566215
7.590440868200508,24.760232440570938,argileux,5.828397461572546,9.310938393687671,32,34.1935062454516,1,1.9423107198043843,54.16203506670068
72.9623530106257,19.688972903226805,argileux,5.86721482196873,1.5352430941413981,168,1.267430213196924,0,0.0,0.0
60.82785962181182,30.732261500767677,argileux,7.456106231151835,4.170084989102172,141,34.50234442047248,0,0.0,0.0
68.36717912893012,41.932717096584184,argileux,5.393053542020786,5.224723754108828,35,15.805065577348525,0,0.0,0.0
24.166774535801967,17.373176615198332,sableux,7.067439835421421,4.751539064971259,133,2.787042679372087,1,2.9182543211980994,29.916354179601303
17.27343280280928,31.803830424721898,argileux,6.7825984955237395,8.03170330994255,29,30.49063807740585,1,1.1573334922094174,40.46979100591639
6.309019910109374,32.104607703238216,sableux,6.772370049351469,10.702717239078751,70,12.040190803658662,1,3.57236363989543,36.676691739461454
36.55288029259373,35.65895578453484,sableux,7.152029384567104,3.672617562273456,153,19.340362102594,0,0.0,0.0
58.09259181691698,14.604868979454093,sableux,6.693528144782616,6.622525637054228,95,4.029040614325679,0,0.0,0.0
40.30196405897591,35.0538737638731,limoneux,8.017020459385538,9.472913062963027,22,7.358162554747266,1,2.298334212652672,33.230030935572756
44.37274298213561,41.816138223297436,limoneux,7.20232036780104,4.994616706144193,173,14.898861774792188,0,0.0,0.0
86.37428250443736,16.28890881045847,sableux,6.687853005485552,2.0174175407915502,69,4.487975028007857,0,0.0,0.0
36.34299203209703,18.31401637233572,limoneux,7.81905248115058,5.699411583164979,89,45.54131323431576,0,0.0,0.0
51.25905402438297,43.998828291457386,argileux,6.924586259733919,0.6626702489163416,72,0.3023521591989209,1,0.6885021917423323,46.2103482646394
75.52877114670288,16.334193344832144,argileux,5.6645769911407164,11.308601448027321,129,24.19301094321557,0,0.0,0.0
40.68885040891431,39.90347826793527,sableux,5.328379672706285,0.8978544623396765,172,6.1623729066275725,1,2.6885839821862607,20.117504297535
60.987803020508615,27.22972497568122,argileux,5.109311142650715,5.2614805830069376,87,15.383954473897427,0,0.0,0.0
82.61273378720706,18.653087604111196,sableux,8.097820850184407,6.358575133062314,96,46.30297799091328,0,0.0,0.0
90.45685612918778,40.4762465445379,sableux,7.340541727192264,11.823645987447426,75,8.084727663699343,1,2.647138375697282,24.880949112513463
18.236613283613416,25.585683925093292,argileux,8.249513752657283,1.9922618837143293,167,48.29161598591663,1,1.4799453849145308,44.18958333671037
88.3928862645345,28.018607387539156,limoneux,6.913167222859772,1.3731782233483028,54,10.289718849471086,0,0.0,0.0
49.29046637715844,22.5731679289918,argileux,6.39360352597965,0.10447376475052295,88,37.078305423341476,0,0.0,0.0
28.241994946906253,30.75327980022246,argileux,4.738865955883558,1.8668572424316277,157,27.333863244865586,1,1.4977583137139079,41.17819003654988
46.322218061443515,15.723335540475798,sableux,7.18656912618412,2.4872757488120114,54,44.22393637983796,0,0.0,0.0
93.20293177569293,23.687853782811622,sableux,6.828835039072924,7.566971298997108,16,27.699662775156547,0,0.0,0.0
49.33562845935826,43.92943128173506,sableux,8.460835574350487,2.6364814846968048,99,26.727960957815434,0,0.0,0.0
34.587644925875736,19.03467014453946,sableux,5.456635111128972,0.24624977675190252,20,9.772900018419994,0,0.0,0.0
62.00607688850532,32.985783258945226,limoneux,6.622949421147343,9.919420146029864,46,8.311468102582936,1,1.7941162592734747,22.836643551301737
26.613105690037376,21.38165224786432,limoneux,7.1038293404722905,4.387148412047601,127,45.82445755577571,0,0.0,0.0
11.827699529779753,37.071559399031024,limoneux,7.0783646989693745,4.244360238968808,58,16.391909942501705,1,3.0437509410646153,47.92649718258169
16.59917497195843,14.580578125142244,sableux,6.745174171793611,3.629748350015119,111,18.604112748144797,0,0.0,0.0
16.524125506199518,43.943736577749064,sableux,7.607712041308902,11.70447932575705,129,37.99118292141942,1,3.274465078822912,32.89962626317617
18.67124241610649,25.882633948427376,sableux,5.319924838107266,2.0413850077113778,81,16.941174121140367,1,3.2173020630044604,26.13637250891548
17.49444553844691,18.261766217126237,limoneux,7.402508801097664,10.778856767438821,157,47.60312233195014,1,2.6518991593293566,29.212412300790326
62.678727032289316,12.572386156550444,sableux,6.978938285732356,9.321639985678654,84,36.89638844994001,0,0.0,0.0
21.369207595923033,15.941526678063926,argileux,8.084300447178293,0.917759465991757,70,29.871462128671,0,0.0,0.0
36.11005549914769,28.192088199460617,argileux,7.888777756134327,11.840749218010185,8,44.04475802723763,0,0.0,0.0
85.71095689154106,21.79511117509502,sableux,5.760588156530213,3.2563915624681266,29,2.480295417474138,0,0.0,0.0
47.65654762365851,39.01091780589133,argileux,5.604949299900612,1.182995124268948,112,12.853134609460437,0,0.0,0.0
65.08019646689245,25.081063328163207,argileux,8.42661329540979,9.951770809509114,179,23.251816711045496,0,0.0,0.0
20.508788408146685,18.704999540567044,limoneux,6.609060723661026,8.480106404132398,161,11.34892697357605,1,2.129798585246256,31.178999642883777
22.30601169278037,31.60007453114105,sableux,8.125683855657748,7.40662567053481,131,37.195259365107596,1,3.4440168177417934,33.51394257070037
8.678175463983099,34.737202590990606,sableux,5.155524095121929,1.871770364387198,163,45.96040155268626,1,4.046191571113499,41.359649326058985
20.204155676494807,15.846466776533244,limoneux,7.071275659200698,5.741953395071542,108,21.18850599654617,0,0.0,0.0
30.073130512876276,15.866672570091119,argileux,7.739440749442345,9.366672322646565,109,17.10663000559475,0,0.0,0.0
20.93094358490721,11.283499942674004,argileux,8.289580998345787,3.643487257726083,20,48.07753660687831,0,0.0,0.0
12.983228038135005,35.77407052729742,sableux,5.849360564068094,3.7402779421804975,73,22.242621641377042,1,3.636215165276404,37.7429755993049
15.857228399054073,33.23315846676318,argileux,7.39992467969621,0.037690872577465395,167,24.45242002246416,1,1.6424476714850507,47.43441051942457
46.47008912294532,26.612080651243485,limoneux,6.655252036158476,2.0909208197445546,4,17.582493617095267,0,0.0,0.0
23.570034656521326,39.5459657139219,limoneux,4.742515704265873,10.504867501462012,19,45.477423650606916,1,2.3654327302343408,34.07528555794959
37.78428749432679,38.19845535325186,sableux,7.259998949235774,5.300957899652484,102,28.447774164092536,0,0.0,0.0
50.30755437693712,30.487402753886325,limoneux,7.260386232951374,11.810813990813207,173,38.10872935908223,0,0.0,0.0
67.13553457664287,40.38949481796405,limoneux,8.222427219386148,4.748495562885511,171,40.590335917544316,0,0.0,0.0
8.538092585698905,17.20444235128689,sableux,6.48924978467589,8.582237457362895,141,17.09245209586291,1,4.062272555568297,40.380845835956166
76.94693590181384,13.917186678920476,limoneux,5.421003682842059,3.3830285148567496,141,21.684716566019002,0,0.0,0.0
61.5110350541817,19.441236403094635,limoneux,4.678255293794717,4.365715693691202,86,42.423588720313234,0,0.0,0.0
12.358312875398472,11.99803996312602,limoneux,6.162568746743623,2.288711851090736,52,18.16276758379051,0,0.0,0.0
83.62207616960995,28.59093348003612,argileux,5.707666800310007,4.16474842199274,111,39.696756672592564,0,0.0,0.0
87.87851604786319,42.78119923032365,sableux,7.544353224095502,6.566850245047718,109,47.04961612872186,0,0.0,0.0
10.497016386937737,11.377023923397838,sableux,5.917071059364186,11.901274571750992,86,31.16051865340035,1,3.6994964415459597,35.69462164323812
29.918988333248336,14.273846990350938,sableux,8.296284785259376,7.970420556861428,43,37.08136437259444,0,0.0,0.0
77.55811518137551,25.826965989920232,argileux,8.349240811951137,2.3909514528997686,42,40.254865602056746,0,0.0,0.0
72.34337213452925,42.685625613476674,argileux,6.983634360870832,0.5395372990986136,90,42.25198244483212,0,0.0,0.0
21.60689174207396,21.06546367418627,sableux,8.214641148059531,1.5162777757741273,115,19.752666892839798,0,0.0,0.0
23.841439100303926,27.753218304093735,argileux,7.543417378057983,6.750662415276569,26,2.5631729587999086,1,1.362467809907504,30.709694912535298
38.34248925122438,11.455050066763723,sableux,6.687438563900505,9.181923945801195,151,20.093813561836978,0,0.0,0.0
48.60706866719192,15.19201203367311,argileux,5.2212317416911125,11.285030487608964,43,33.68781148920449,0,0.0,0.0
60.642929437726636,44.53205430355964,limoneux,6.33439177405536,0.1898780639618498,77,22.51751928903964,0,0.0,0.0
38.202227561279514,43.77915437526159,limoneux,6.743497853450471,6.273121698742438,156,37.448157543019924,0,0.0,0.0
46.62812445198331,10.172899332704336,sableux,7.95584632294004,5.650408274678121,137,17.849121473433193,0,0.0,0.0
72.2723844320381,43.313412489813366,argileux,6.4253335061426595,7.872660263708448,20,31.737207055201477,0,0.0,0.0
8.30148826015381,32.369197823542514,argileux,8.090698690711827,6.714946253584103,39,9.320990242698729,1,2.1601378894241186,57.04452678127316
27.71932499096187,40.37714030820077,limoneux,7.197395916093876,8.244469806989766,179,37.46847183224784,1,2.4786200427260177,26.252191411228164
69.20146272960972,25.915894947185066,limoneux,5.047996252214686,7.896991016990285,12,27.284798440651294,0,0.0,0.0
85.56861539184794,28.04586100027376,argileux,8.479925477300371,1.4041406982953544,11,10.20321942733003,0,0.0,0.0
51.05096979040995,27.109630308992205,argileux,6.6089306430156505,9.596614963424635,154,14.595558674890363,0,0.0,0.0
52.89021367387841,33.34024901411365,argileux,6.0674331856363155,1.4787909085958981,42,37.43043542909162,0,0.0,0.0
14.645481020579844,14.887793916470951,argileux,7.136455057878106,8.382367502509645,155,24.130061783076034,1,1.9947451709770574,42.908261199744594
45.26711301411092,11.049075645543729,argileux,4.935573255924156,4.993744411687281,11,10.80157201965361,0,0.0,0.0
52.935553980952086,20.77754795569168,argileux,7.046154587013417,6.166208814919175,38,48.36355951851488,0,0.0,0.0
26.82234532712567,34.66382669578263,sableux,6.492944001997092,10.839576172508526,98,35.75625099084439,1,3.5309103322962554,23.369727089409565
29.231890785444286,17.064870824303192,argileux,6.1266962799943325,10.67860471768184,171,47.85674162698981,1,2.0566210828379687,47.92934821842073
38.95557467941604,33.570135166372104,limoneux,8.312080084715596,9.814275667860354,19,21.35525226801716,1,1.7298228942391816,24.336075243661277
6.806407799995373,43.94692161375446,sableux,6.590158866928213,6.121780565475879,134,23.755017034586025,1,4.005111064915901,31.778379814084644
33.987124902486045,13.286525052629644,argileux,5.376469917879754,8.834877721605997,174,44.89776080925096,0,0.0,0.0
24.03032062968902,33.54107413787942,limoneux,6.335853917509194,6.154764666225713,116,26.252467012269232,1,2.430745392647462,33.585862045965406
34.47476169601232,25.53125767565999,sableux,8.17754961829069,10.43527298969733,113,35.36394559528336,0,0.0,0.0
15.77859186373261,40.384978903212684,limoneux,5.204381885322379,4.833309998794799,170,12.608643874776499,1,1.86565247566031,24.847659904377707
85.14745526659054,16.200242630658508,argileux,5.355828154752947,11.642824132978522,65,22.336323435132027,0,0.0,0.0
58.42332081986438,34.24190832791576,argileux,4.552118271028335,11.18787309874653,99,6.172493290517755,1,1.4680052745483791,33.192211268346874
66.11920872300406,39.334035137683856,argileux,4.556760197583069,8.899231433421427,72,10.299001793848085,0,0.0,0.0
76.02541147466044,43.061497681590815,argileux,7.81756650783405,3.352990610112864,52,0.04717076338155435,1,1.2340730549257601,39.479319195468925
49.85979790361515,33.91368099013761,sableux,7.428490427371823,1.5798430655191007,118,1.9632525824330116,1,2.9520326829897336,22.637276393190955
12.822825927868132,27.401116740294956,sableux,5.920164225807833,10.25644140111837,175,48.86419115884647,1,3.797820387927042,38.50071516556942
53.3395887636693,31.624653407042484,limoneux,7.293244628910291,1.9836274336555353,120,12.117684756838115,0,0.0,0.0
57.815700621879124,40.41167445675514,argileux,6.080823705239881,10.251129467968028,7,33.165535475200095,0,0.0,0.0
72.0895526765897,29.97134113235904,limoneux,8.31158718399131,5.889180080548325,11,41.95498493998058,0,0.0,0.0
43.84935916067114,11.06354708938929,sableux,8.36821072570414,4.87868140569725,103,27.533022961828213,0,0.0,0.0
16.48222725160074,42.583204342744224,argileux,6.0711751032373735,10.838289346013148,61,7.65722500419781,1,1.2729193290901273,44.31576527373848
30.5398315218852,34.13343628610464,argileux,7.916887625363472,7.2462117904833345,68,36.40582186680832,0,0.0,0.0
37.67740667587716,33.677968502203626,sableux,7.592356166789864,6.919368085556613,153,30.012570504979152,0,0.0,0.0
63.13255171984411,17.5486303339201,sableux,5.739999748687158,6.705191335492772,140,36.562529467368755,0,0.0,0.0
56.37004742020207,33.060991458143,sableux,5.428159315604423,4.454034192234377,154,38.48733114285436,0,0.0,0.0
37.048705330806165,23.785254197895547,sableux,6.332938601571335,9.427717242349527,102,48.770518384237256,0,0.0,0.0
93.78637239136818,32.79315419645222,sableux,7.625395362457625,3.033581328189276,110,28.6781640013355,0,0.0,0.0
59.51973374211985,13.730756060779676,argileux,8.340671138914981,11.2667395204953,140,17.082055634530093,0,0.0,0.0
26.350411256239504,33.02458566110626,sableux,7.55431627546629,10.72782246056353,171,32.42322784501185,1,3.2855657915466465,32.20115104208814
14.160422535836336,44.979480401973326,argileux,7.92082794007348,4.049763908098778,51,3.4220354621313067,1,1.5189741892492603,50.1932236509553
18.75732252658988,11.687421360119462,argileux,6.912257224682066,8.753565237979965,117,44.86986591607931,1,1.41652102415296,43.69943477204606
27.13619555460573,44.2010964477461,sableux,7.841631323368503,6.878678333395097,165,5.969050566909839,1,3.2642233739303954,36.2835520372299
19.46132359336001,24.24177862530047,sableux,7.63768343201367,4.051791623990815,46,16.392141894290912,0,0.0,0.0
21.79103216461752,40.47637076180407,argileux,6.007942167705121,11.862259775945361,53,40.787269031306046,1,1.531510355889578,40.71213750845393
30.65856518244624,37.38349194203957,sableux,6.707961208482884,0.30284815017917044,88,29.865618916535592,0,0.0,0.0
20.603623576527934,29.845569134533374,sableux,7.719012487958779,3.03175236745544,121,19.681776013872103,1,3.4649016056636244,30.28288469265152
85.70888821637827,35.84572232379642,sableux,4.684226936759826,6.240888733333804,13,23.67178296875107,0,0.0,0.0
12.2210371095478,40.748044645547175,limoneux,7.73231712942332,6.263436041742766,89,42.72736966010902,1,3.3802954533563923,46.44364001504918
52.20602506132292,24.144911257786156,argileux,5.211552496196093,7.0671968993467695,125,17.00021930299461,0,0.0,0.0
41.935714429069535,21.446160654713353,limoneux,6.558734468485756,9.020114064275031,118,43.482484240608564,0,0.0,0.0
93.41407552177458,33.365768494725465,sableux,7.73310175822375,7.481733966231557,54,4.406721548834574,1,2.252865014386019,17.334358226110968
15.083501195124711,38.27460796794405,limoneux,5.515284312626779,7.203377526336444,116,38.83992186043154,1,1.9345463252823212,39.31025917379237
40.80700391411675,36.67997971718155,sableux,5.483229757224612,0.6421735549565195,118,42.377381652736815,0,0.0,0.0
92.2523389947832,37.92347771005221,limoneux,6.111057593849008,4.518363453471579,4,9.090882641866937,0,0.0,0.0
82.89564133045822,25.245416018452655,sableux,8.078571190310537,2.784668876413872,75,21.51732661861002,0,0.0,0.0
78.5364863854352,38.62419756612576,limoneux,4.5017711257488315,3.184441339223705,49,8.27498873318278,0,0.0,0.0
28.211254434044584,14.207316937971296,limoneux,8.10553238656774,6.652049692084138,7,35.330206449710886,0,0.0,0.0
20.379882865105923,29.057118428629735,limoneux,5.115228098566432,2.394063779155301,110,26.767388403082837,1,2.7565790469261024,45.2468107069319
65.17788979319879,10.201553117434255,argileux,8.460345504269927,3.5273892122027704,122,31.76616733541605,0,0.0,0.0
88.64383902148272,21.36050404650946,limoneux,8.319387972153873,2.845016502208081,11,9.824348347810558,0,0.0,0.0
55.10866037125368,22.826153720498926,argileux,6.478700758365133,11.382035318618337,92,10.587293102620976,0,0.0,0.0
56.44514205229099,23.866044206323938,sableux,6.550880991250512,11.335988786053143,173,2.074866275495318,0,0.0,0.0
30.198118429425577,34.34135223414518,limoneux,6.4261973611034175,7.31929870315262,23,16.103376759786485,0,0.0,0.0
74.25436398727432,23.5995335444621,sableux,7.041774582638091,11.094269624782799,28,27.987233066683746,0,0.0,0.0
21.833937370177104,25.704276791788573,sableux,4.862886808939724,9.429751745620479,111,42.89674569986644,1,3.372931599696972,34.614192887674925
34.131131276381936,18.31404458060146,limoneux,4.630471793366266,7.079374593621705,57,33.346372372934034,0,0.0,0.0
43.28927947547751,23.063812707026905,argileux,4.730811713663595,0.07722253796154854,26,21.76981616998757,0,0.0,0.0
50.68493408160095,17.9544369542103,limoneux,6.277461396966057,9.270195432952848,153,47.65600571970689,0,0.0,0.0
26.816875917357223,12.561857331895528,sableux,5.602191756877934,8.429860099061626,54,35.96226002879159,1,2.945995100203895,23.017920916280715
15.335314226528318,31.120700768348225,sableux,6.988158249483975,7.383043839388968,29,46.5082601431275,1,3.375023799725266,30.888403761197
59.95580381974693,33.387447949425564,limoneux,8.469769157499115,9.12509174018966,97,26.379398663608285,0,0.0,0.0
30.97674979162302,31.682162110336506,argileux,6.045292692305864,6.1550659772971885,164,12.94521373965698,0,0.0,0.0
57.31143992803511,26.222291533020034,argileux,6.795365016418053,8.44899925585607,14,2.6413343182360993,1,1.4322333123022677,37.93685740316495
18.892644374678206,23.292502306273043,sableux,6.1624155836293415,11.22206504071792,78,36.30424257419252,1,3.216955644737462,35.219084299267806
48.30260916693357,40.21667773501388,sableux,7.889086670887437,4.509660190153035,35,6.065149900276706,1,2.988495675445087,26.721101761701735
52.93304892964273,28.16786247976763,argileux,8.108945613848952,8.497462018807505,30,15.138756413598358,0,0.0,0.0
9.664118314018422,26.771365717040585,limoneux,8.00942244882104,5.708253816131505,92,26.62354539419487,1,3.2537408617688786,47.570312762123876
35.294385037452855,10.89747230322525,sableux,8.39748895471703,8.092795821767778,17,28.220829388987383,0,0.0,0.0
17.09732092450768,21.943673966915473,argileux,4.610076740561661,9.15472002665237,158,30.0291598493568,1,1.5416490803896143,46.9828233745657
10.703747342549097,23.306846657504998,sableux,7.8592646485821245,0.5454300052295515,93,8.312766517485032,1,3.4816514793422217,41.269457761479416
94.09642091509507,23.958797331391516,limoneux,7.507088692156373,7.759205327383943,173,18.98687024108244,0,0.0,0.0
34.01184604772507,30.30603292295663,argileux,5.414777637601459,2.720894212883335,79,30.859711355848336,0,0.0,0.0
77.88870012691714,28.676089135440748,sableux,8.325280373550111,8.0403904536908,110,48.490943231689236,0,0.0,0.0
27.917658928738746,31.276678247770562,limoneux,5.092711712919781,5.619962231205761,179,36.381556884984434,1,2.0416431180701893,37.429016433973665
66.33524500015363,36.77091415397449,sableux,7.218199708535634,9.282632902378646,102,46.130187854697894,0,0.0,0.0
73.42050739007179,38.45450085506327,limoneux,5.39956086726365,1.480809782467157,106,38.11060291570885,0,0.0,0.0
58.60748665470599,35.1343076679273,limoneux,6.225522595096299,7.515868219874341,47,29.585848444620023,0,0.0,0.0
47.441856969514255,43.443329358422716,argileux,7.376639587778276,3.3416487471306278,64,9.601168456817227,1,1.1464538124721522,38.766944915372136
42.06568227325417,10.638140393672657,limoneux,6.753298568132187,10.235783943967098,166,33.334282594625655,0,0.0,0.0
36.39814398886958,16.852229498924114,sableux,6.210007325312446,11.14060206763569,64,31.168978297995352,0,0.0,0.0
88.65762298230433,10.264700624234974,limoneux,5.805353723727949,11.956779524148665,87,30.123458522863324,0,0.0,0.0
79.75574670089563,32.66161499541111,limoneux,7.858638622835161,9.552088829127399,7,24.489293399412038,0,0.0,0.0
91.85242195998613,41.43106921324954,argileux,5.075257401259255,9.044808845136055,22,26.43283019946378,0,0.0,0.0
16.186750113699027,18.521880380170472,limoneux,6.2204115061192,2.5860091064106125,81,16.722126355905203,0,0.0,0.0
70.77807276832799,42.44620906787073,limoneux,8.115030287100568,4.032084707881305,169,25.965634632115158,0,0.0,0.0
89.45064111389341,12.10935866013463,sableux,7.883398201839871,5.588190501147354,74,9.877795283923913,0,0.0,0.0
21.310975954909413,42.705260938193,argileux,6.103767049892187,9.280572573386996,138,40.25871986801884,1,1.6698224322216273,35.22622020918333
10.984664063009975,22.306794053387204,argileux,7.552433454405233,10.979590380935623,135,9.288847734935391,1,2.2262098893055433,51.110396115836444
71.70085843610532,13.549728995722578,argileux,7.792643322835437,2.2696692002758154,125,4.248314494473321,0,0.0,0.0
56.70258018619207,27.005511571521396,limoneux,8.05554969601452,11.068409816041235,50,21.81230131785787,0,0.0,0.0
80.76458990824449,18.98717987021778,argileux,6.6780230761969115,8.347495828248697,52,32.915371975303096,0,0.0,0.0
17.579513896366056,19.970551568667297,limoneux,5.317843544218848,7.329248768220463,161,21.885841246677067,0,0.0,0.0
76.57405806739011,20.75514877242003,limoneux,5.521236306015727,2.398095255383274,1,13.83770659756543,0,0.0,0.0
23.14645880429701,38.10590642414322,sableux,5.682778696166417,0.6663003937098066,162,27.908559194522038,1,3.384344016244011,28.806628443672032
19.729034857913405,28.870644683633905,sableux,6.875209923238462,6.821578782095279,4,17.350116770609997,1,3.2386262956164114,24.012155224923937
19.783921813789362,20.895769470460127,sableux,4.631238496514434,7.818188199946709,145,46.64338450633166,0,0.0,0.0
78.3117248208244,31.361682415882143,sableux,7.044169875119874,2.529377392256259,132,46.1322569801786,0,0.0,0.0
64.867749862658,35.065273597811775,sableux,5.957416953712928,6.677474469905476,171,25.118590998604773,0,0.0,0.0
52.07588822922074,19.541840025673682,limoneux,5.680967209958569,10.277920833150883,4,16.394199700912925,0,0.0,0.0
37.29474357111523,24.474218553387303,limoneux,8.017986282912506,10.020791345460239,1,36.85662069783196,0,0.0,0.0
83.94804867317974,14.266013266793165,argileux,6.340009582323196,11.128262167035565,71,1.835647174153332,0,0.0,0.0
40.32005966803718,16.34022723371381,limoneux,4.880212182130771,4.390629714682565,178,23.738450302182564,0,0.0,0.0
78.49394955244193,33.8391248887744,limoneux,7.806987072104988,3.8165948706110244,35,16.816169713516675,0,0.0,0.0
44.52214177131966,16.350342169346945,sableux,4.690565029746026,8.993112071769705,8,46.02679425512773,0,0.0,0.0
38.92499864824168,28.380718428347105,limoneux,7.406996896672787,5.17334886116406,152,0.6001513636341271,1,1.8232003305717914,27.706806819494577
46.64118071026458,34.81661916028514,sableux,7.595624887082661,1.0505839683333673,36,27.640743785917454,0,0.0,0.0
32.12400867477279,13.740692308316035,argileux,5.910410423715433,3.3936135680459967,178,37.0331790533313,0,0.0,0.0
72.2848442158626,29.855927687011626,argileux,7.7991514251111465,5.0229874263778695,123,24.250899376202064,0,0.0,0.0
50.24483510832312,18.979697429547734,limoneux,6.562637623425814,3.510197105715024,43,4.270151508136083,0,0.0,0.0
25.89914256321356,43.70244063331529,argileux,6.353174613091188,3.9864668513678594,27,48.62306950139511,1,1.9370107440727666,51.58688543902744
85.96171159471116,26.924097635197366,limoneux,4.681613125874771,3.525310874092689,32,25.900521568804898,0,0.0,0.0
39.55020992358903,38.20973924213054,argileux,5.660116774595624,0.4979900061969533,78,30.70931221595057,0,0.0,0.0
53.919757500258974,29.257928975469163,sableux,8.224039883541199,7.64513640989331,121,11.830489135375366,0,0.0,0.0
86.58248998680922,11.519438649918671,sableux,6.067295853134,7.167509044241632,146,24.17490425534019,0,0.0,0.0
61.18141963225929,32.16029814579078,sableux,6.686802082227073,7.840601981744167,156,21.457474597916093,0,0.0,0.0
15.520823663752767,43.299116977233,sableux,6.628086715937007,2.3077187524035296,157,3.744792100099187,1,2.8784484744771373,34.1842407232884
89.58489112521276,31.056413705121592,limoneux,6.861724359290774,3.5478544993498233,16,5.308017677373361,0,0.0,0.0
61.493724776427605,38.67161007993766,argileux,4.7453238225731305,7.435391123339068,99,41.873625980938726,0,0.0,0.0
35.14150531913775,40.94722621719427,limoneux,5.948705019194913,7.195530821519057,47,11.990997610329512,0,0.0,0.0
17.53448653970485,17.982792018212635,sableux,7.392513095530217,6.075963712251214,31,9.747913574931527,1,2.4690967746822894,22.82905299453855
76.46226703432664,17.42156939678793,limoneux,5.302241004291932,4.2049590001223685,4,25.24557256250696,0,0.0,0.0
60.806548033566216,31.38433460978471,argileux,5.314313510185442,10.955172057296279,165,38.437356568125644,0,0.0,0.0
53.01149827786894,24.385996443234667,limoneux,4.540362426756099,4.077242907586125,17,3.097325928949396,0,0.0,0.0
85.45033247458619,39.39514560033521,argileux,6.249927706432839,5.467429877247019,39,28.840395981912792,0,0.0,0.0
75.97374901020777,41.50080931893039,limoneux,8.030937522693687,8.137365971450505,48,5.960522142028668,1,1.7123664631439675,23.237456552796388
18.650739175947606,22.369748275595136,argileux,4.707603774349236,6.51625717040117,174,1.8230525412809229,1,1.2049234830637259,45.26499456068898
33.05498610159934,18.29046956410687,argileux,5.264474837984011,4.162631716372626,176,2.6371976081108697,0,0.0,0.0
27.364022583301917,37.31839303353516,sableux,5.74033815337102,5.227737485478118,39,41.70820541042207,1,3.055779690681642,30.697026988025545
71.95516633154092,19.618211244184764,argileux,7.426898946256852,9.533769814242074,132,5.898624181403078,0,0.0,0.0
8.017919126220145,38.79150114797874,sableux,7.062542371210347,3.337549865839349,30,2.2575682206145977,1,4.107141805836454,37.328084965862665
56.29007163841849,24.830838877706697,sableux,6.163775618327421,1.707062877321785,158,21.894994357145613,0,0.0,0.0
73.62128171666215,33.36424647520147,sableux,7.536275757033502,3.757958421957325,22,42.19967359710124,0,0.0,0.0
83.90890730855745,13.343735984213385,limoneux,6.938524046627608,10.194410585854815,66,13.120418824465096,0,0.0,0.0
35.78735738443167,31.835076363680056,limoneux,8.084163198628875,1.06787657827616,108,21.08563087629582,0,0.0,0.0
78.91315742048116,25.81186875580302,limoneux,7.772106996554772,11.900352880469422,12,1.9961266281875611,1,2.1973289528451123,29.652338568788654
14.956856325968651,30.531296211141594,limoneux,5.511254424356802,6.49203478713195,36,22.453925706743792,1,2.6439019835082767,50.28907090410398
81.18070625610663,15.880497271070219,argileux,5.585754310536801,11.818148927605128,18,28.880654031856682,0,0.0,0.0
16.47397960987842,35.790581073046376,argileux,5.001425903169542,11.26795706503173,90,28.545352687607238,1,1.503266360165662,38.52201850618786
40.755856150433054,40.197897714012996,limoneux,5.847858902869826,5.433764570531001,1,16.621334608718257,0,0.0,0.0
76.75658292015983,17.585893003177148,argileux,8.498175674876377,2.381892895264189,127,15.776659033156776,0,0.0,0.0
18.492568461389638,13.35000944320566,argileux,6.123004674460244,1.9786173187816614,90,5.331180946829894,1,1.6266246372586806,38.63594540351743
25.632625570937734,10.827350511621773,sableux,5.381953738756426,2.87987236643949,87,18.33991603231342,0,0.0,0.0
70.00273115537597,32.46900251551431,sableux,7.5499315379022125,8.521591686774448,90,4.9747334436482324,1,2.4747708854031703,25.720269607817333
69.80328828914669,31.248291263107326,sableux,6.669884013850624,3.275399936777854,134,38.329797235602584,0,0.0,0.0
62.70328695967676,29.13440944499245,sableux,5.098405798107811,4.09710323525158,70,48.31371488740929,0,0.0,0.0
67.455360002039,18.118148364059138,argileux,6.022758724643463,5.385345647935377,44,48.503722833335345,0,0.0,0.0
53.84519990128366,23.68170985669301,limoneux,6.157878862157373,10.958792165057476,152,43.25355496876969,0,0.0,0.0
27.661915301625747,30.806671731516058,argileux,7.515318802276875,2.272721014618153,86,30.039607466980954,1,1.784502521773838,38.71084966787185
36.112639415352746,27.386840060070927,argileux,4.582685475567618,0.06031863131763737,19,35.043284862194,0,0.0,0.0
21.34379451212831,44.572493207521056,argileux,5.576078587193242,0.7211569245380418,101,14.260290134020703,1,1.5336883881153764,48.57166502385122
86.76055052002656,14.77539133948566,sableux,6.570385205262088,10.857196100161415,146,31.538521008631033,0,0.0,0.0
57.50526152895084,34.330059391665785,sableux,5.575386969811373,7.770197578120357,95,22.78247747199387,0,0.0,0.0
41.07662750872759,24.151156883650224,sableux,7.0137361896759955,3.276487431933681,101,24.100866988846626,0,0.0,0.0
46.58052232797194,24.986986522396517,limoneux,6.427469917098467,2.1263100121342933,30,37.8888280187579,0,0.0,0.0
90.25550056506339,35.11592179803617,argileux,5.946841019438322,3.531200839645372,170,14.095917779862582,0,0.0,0.0
18.801626280447216,34.235265296352935,limoneux,8.29683450748205,1.3775631270153612,33,15.901980584725994,1,2.548920035320182,46.37532519674271
57.76068488151175,44.69395977957659,sableux,7.02863799674583,11.298394923413293,12,46.23208955643183,0,0.0,0.0
50.52998109960194,14.493800130894384,limoneux,5.019765489071765,9.410474092383202,118,2.8112147425486125,0,0.0,0.0
60.030881189118304,13.643837728445822,argileux,6.7403667897735815,5.548694122950488,94,24.28171492066702,0,0.0,0.0
6.6299165438756456,35.351858599505945,argileux,7.6229274128036035,10.379551261382424,155,45.64004002039309,1,2.454038452122458,59.721465342799696
83.49115180497364,30.243542095224317,sableux,7.33395878997119,2.9934984515187875,167,30.51815039090785,0,0.0,0.0
88.89064542352511,19.595623329593206,sableux,5.1883569171810375,8.605446821666323,137,27.320353710606604,0,0.0,0.0
55.861986523028804,12.779677914614531,limoneux,8.389679996160414,10.273589988164922,149,12.487208961467761,0,0.0,0.0
67.6985741489203,12.998038735875069,sableux,6.2952545829864235,4.281224539479272,76,17.163774453222413,0,0.0,0.0
88.02494430595661,41.296680613244135,sableux,5.136100014961045,9.089573345408612,29,42.602420790234646,0,0.0,0.0
